id_pedido,fecha,producto_id,producto_nombre,categoria,cantidad,precio_unitario,total,ciudad,region,metodo_pago,descuento_aplicado
10001,2023-01-01 00:00,306,Eco HD 0305,Libreria,12,748.25,8979.0,Pamplona,Navarra,Efectivo,
10002,2023-01-01 07:00,12,Ultra L 0011,Deporte,8,711.91,5695.28,Madrid,Comunidad de Madrid,Transferencia,
10003,2023-01-01 14:00,345,Plus 4K 0344,Electronica,6,481.2,2887.2,Malaga,Andalucia,Tarjeta,18.1
10004,2023-01-01 21:00,465,Mini 3000 0464,Libreria,14,5.09,71.26,Valencia,Comunitat Valenciana,Tarjeta,
10005,2023-01-02 04:00,494,Smart XL 0493,Libreria,2,192.46,384.92,Cordoba,Andalucia,Bizum,
10006,2023-01-02 11:00,368,Plus L 0367,Alimentacion,7,630.29,4412.03,Murcia,Region de Murcia,Transferencia,
10007,2023-01-02 18:00,420,Pro 2000 0419,Alimentacion,4,4.91,19.64,Gijon,Asturias,Bizum,
10008,2023-01-03 01:00,171,Mini M 0170,Alimentacion,2,321.06,642.12,Alicante,Comunitat Valenciana,PayPal,
10009,2023-01-03 08:00,134,Ultra 3000 0133,Electronica,12,510.93,6131.16,Valencia,Comunitat Valenciana,Tarjeta,15.5
10010,2023-01-03 15:00,427,Ultra Z 0426,Ropa,6,744.02,4464.12,Madrid,Comunidad de Madrid,PayPal,
10011,2023-01-03 22:00,25,Ultra HD 0024,Ropa,11,170.93,1880.23,Bilbao,Pais Vasco,Efectivo,7.6
10012,2023-01-04 05:00,530,Ultra XL 0529,Libreria,9,150.93,1358.37,Barcelona,Cataluna,Tarjeta,
10013,2023-01-04 12:00,190,Pro M 0189,Ropa,11,758.0,8338.0,Valladolid,Castilla y Leon,PayPal,
10014,2023-01-04 19:00,141,Plus X 0140,Libreria,9,630.16,5671.44,Sevilla,Andalucia,Efectivo,
10015,2023-01-05 02:00,555,Max M 0554,Libreria,14,160.07,2240.98,Madrid,Comunidad de Madrid,PayPal,
10016,2023-01-05 09:00,315,Plus HD 0314,Ropa,8,197.82,1582.56,Granada,Andalucia,Efectivo,
10017,2023-01-05 16:00,444,Smart 2000 0443,Libreria,3,653.07,1959.21,Zaragoza,Aragon,Efectivo,
10018,2023-01-05 23:00,319,Smart L 0318,Ropa,3,237.16,711.48,Murcia,Region de Murcia,Tarjeta,25.8
10019,2023-01-06 06:00,441,Max Z 0440,Electronica,2,400.29,800.58,Valladolid,Castilla y Leon,Bizum,
10020,2023-01-06 13:00,92,Basic 2000 0091,Ropa,5,498.33,2491.65,Sevilla,Andalucia,Efectivo,
10021,2023-01-06 20:00,179,Eco X 0178,Alimentacion,14,824.29,11540.06,Granada,Andalucia,Efectivo,
10022,2023-01-07 03:00,56,Ultra 2000 0055,Electronica,12,878.08,10536.96,Barcelona,Cataluna,Tarjeta,
10023,2023-01-07 10:00,155,Eco HD 0154,Hogar,14,367.09,5139.26,Granada,Andalucia,Bizum,22.9
10024,2023-01-07 17:00,111,Eco X 0110,Alimentacion,4,81.87,327.48,Alicante,Comunitat Valenciana,Transferencia,
10025,2023-01-08 00:00,137,Smart 4K 0136,Libreria,7,167.16,1170.12,Bilbao,Pais Vasco,Transferencia,
10026,2023-01-08 07:00,232,Pro 3000 0231,Electronica,4,284.31,1137.24,Vigo,Galicia,Bizum,
10027,2023-01-08 14:00,468,Pro 3000 0467,Deporte,9,225.79,2032.11,Zaragoza,Aragon,PayPal,
10028,2023-01-08 21:00,481,Basic M 0480,Alimentacion,12,877.32,10527.84,Valencia,Comunitat Valenciana,Tarjeta,
10029,2023-01-09 04:00,68,Pro L 0067,Ropa,12,423.53,5082.36,Sevilla,Andalucia,Bizum,
10030,2023-01-09 11:00,249,Basic 4K 0248,Electronica,2,479.11,958.22,Zaragoza,Aragon,Transferencia,
10031,2023-01-09 18:00,323,Smart Z 0322,Hogar,11,808.09,8888.99,Malaga,Andalucia,Efectivo,
10032,2023-01-10 01:00,518,Mini X 0517,Deporte,14,841.93,11787.02,Madrid,Comunidad de Madrid,Transferencia,
10033,2023-01-10 08:00,432,Eco 2000 0431,Libreria,6,121.67,730.02,Malaga,Andalucia,Efectivo,28.3
10034,2023-01-10 15:00,487,Mini 4K 0486,Electronica,7,652.95,4570.65,Madrid,Comunidad de Madrid,Tarjeta,
10035,2023-01-10 22:00,429,Smart Z 0428,Hogar,4,756.58,3026.32,Bilbao,Pais Vasco,Efectivo,
10036,2023-01-11 05:00,269,Eco 2000 0268,Libreria,13,51.19,665.47,Zaragoza,Aragon,Bizum,
10037,2023-01-11 12:00,537,Plus Z 0536,Ropa,6,298.79,1792.74,Vigo,Galicia,Efectivo,
10038,2023-01-11 19:00,148,Plus 3000 0147,Libreria,7,623.32,4363.24,Barcelona,Cataluna,PayPal,
10039,2023-01-12 02:00,118,Basic 3000 0117,Libreria,4,634.73,2538.92,Pamplona,Navarra,Bizum,6.5
10040,2023-01-12 09:00,367,Mini 3000 0366,Electronica,8,98.82,790.56,Pamplona,Navarra,Tarjeta,
10041,2023-01-12 16:00,66,Pro M 0065,Libreria,9,720.59,6485.31,Vigo,Galicia,Bizum,
10042,2023-01-12 23:00,370,Plus S 0369,Deporte,1,793.94,793.94,Cordoba,Andalucia,PayPal,
10043,2023-01-13 06:00,175,Plus X 0174,Deporte,7,694.79,4863.53,Granada,Andalucia,Tarjeta,
10044,2023-01-13 13:00,588,Mini S 0587,Hogar,9,91.25,821.25,Gijon,Asturias,Transferencia,9.4
10045,2023-01-13 20:00,495,Ultra 3000 0494,Hogar,12,314.02,3768.24,Cordoba,Andalucia,PayPal,
10046,2023-01-14 03:00,114,Max 4K 0113,Ropa,10,763.91,7639.1,Zaragoza,Aragon,Tarjeta,
10047,2023-01-14 10:00,111,Eco X 0110,Alimentacion,5,81.87,409.35,Malaga,Andalucia,Efectivo,20.0
10048,2023-01-14 17:00,439,Eco L 0438,Ropa,12,868.2,10418.4,Gijon,Asturias,Bizum,
10049,2023-01-15 00:00,147,Eco M 0146,Ropa,2,810.9,1621.8,Pamplona,Navarra,Tarjeta,
10050,2023-01-15 07:00,35,Mini 4K 0034,Ropa,10,544.92,5449.2,Cordoba,Andalucia,Bizum,
10051,2023-01-15 14:00,309,Plus HD 0308,Alimentacion,6,348.14,2088.84,Pamplona,Navarra,Efectivo,
10052,2023-01-15 21:00,538,Max 3000 0537,Alimentacion,12,425.27,5103.24,Murcia,Region de Murcia,Tarjeta,
10053,2023-01-16 04:00,14,Mini HD 0013,Electronica,12,587.62,7051.44,Valladolid,Castilla y Leon,Transferencia,9.0
10054,2023-01-16 11:00,374,Pro S 0373,Alimentacion,7,8.6,60.2,Pamplona,Navarra,PayPal,13.5
10055,2023-01-16 18:00,557,Mini S 0556,Ropa,2,376.64,753.28,Vigo,Galicia,Tarjeta,
10056,2023-01-17 01:00,428,Mini M 0427,Deporte,2,271.33,542.66,Cordoba,Andalucia,Efectivo,
10057,2023-01-17 08:00,233,Smart M 0232,Libreria,10,111.98,1119.8,Madrid,Comunidad de Madrid,Tarjeta,
10058,2023-01-17 15:00,563,Max XL 0562,Hogar,14,490.79,6871.06,Gijon,Asturias,Bizum,
10059,2023-01-17 22:00,440,Ultra XL 0439,Alimentacion,12,685.03,8220.36,Murcia,Region de Murcia,Tarjeta,22.2
10060,2023-01-18 05:00,502,Basic 3000 0501,Libreria,10,742.75,7427.5,Sevilla,Andalucia,Transferencia,
10061,2023-01-18 12:00,275,Basic L 0274,Electronica,1,360.86,360.86,Cordoba,Andalucia,Tarjeta,8.7
10062,2023-01-18 19:00,76,Max S 0075,Libreria,4,482.86,1931.44,Murcia,Region de Murcia,PayPal,15.7
10063,2023-01-19 02:00,439,Eco L 0438,Ropa,7,868.2,6077.4,Vigo,Galicia,Tarjeta,
10064,2023-01-19 09:00,289,Ultra L 0288,Deporte,14,102.07,1428.98,Pamplona,Navarra,Bizum,
10065,2023-01-19 16:00,540,Pro L 0539,Ropa,9,785.15,7066.35,Zaragoza,Aragon,Tarjeta,
10066,2023-01-19 23:00,253,Smart X 0252,Hogar,3,724.35,2173.05,Valladolid,Castilla y Leon,Transferencia,
10067,2023-01-20 06:00,126,Eco M 0125,Deporte,12,313.28,3759.36,Granada,Andalucia,Efectivo,25.8
10068,2023-01-20 13:00,177,Plus M 0176,Ropa,11,754.01,8294.11,Valladolid,Castilla y Leon,Tarjeta,8.6
10069,2023-01-20 20:00,37,Max Z 0036,Alimentacion,7,375.39,2627.73,Sevilla,Andalucia,Tarjeta,
10070,2023-01-21 03:00,410,Pro 3000 0409,Deporte,7,609.73,4268.11,Barcelona,Cataluna,PayPal,20.1
10071,2023-01-21 10:00,127,Plus S 0126,Electronica,7,697.35,4881.45,Gijon,Asturias,Transferencia,
10072,2023-01-21 17:00,483,Smart L 0482,Deporte,2,592.65,1185.3,Barcelona,Cataluna,Efectivo,7.8
10073,2023-01-22 00:00,168,Eco M 0167,Libreria,6,366.32,2197.92,Bilbao,Pais Vasco,Bizum,
10074,2023-01-22 07:00,592,Max S 0591,Electronica,2,597.7,1195.4,Cordoba,Andalucia,Tarjeta,26.0
10075,2023-01-22 14:00,294,Max HD 0293,Ropa,6,236.04,1416.24,Granada,Andalucia,Efectivo,21.3
10076,2023-01-22 21:00,343,Smart M 0342,Ropa,13,627.35,8155.55,Alicante,Comunitat Valenciana,Bizum,
10077,2023-01-23 04:00,310,Basic HD 0309,Hogar,10,36.9,369.0,Valencia,Comunitat Valenciana,Transferencia,
10078,2023-01-23 11:00,528,Pro S 0527,Libreria,3,434.88,1304.64,Murcia,Region de Murcia,Transferencia,5.1
10079,2023-01-23 18:00,540,Pro L 0539,Ropa,14,785.15,10992.1,Sevilla,Andalucia,Efectivo,
10080,2023-01-24 01:00,419,Mini HD 0418,Electronica,2,230.24,460.48,Zaragoza,Aragon,Bizum,
10081,2023-01-24 08:00,444,Smart 2000 0443,Libreria,12,653.07,7836.84,Cordoba,Andalucia,Transferencia,
10082,2023-01-24 15:00,558,Pro 4K 0557,Deporte,14,762.23,10671.22,Zaragoza,Aragon,Efectivo,
10083,2023-01-24 22:00,236,Max 4K 0235,Hogar,6,107.28,643.68,Valencia,Comunitat Valenciana,Transferencia,15.5
10084,2023-01-25 05:00,439,Eco L 0438,Ropa,2,868.2,1736.4,Gijon,Asturias,Transferencia,
10085,2023-01-25 12:00,214,Ultra 2000 0213,Deporte,5,81.68,408.4,Bilbao,Pais Vasco,Transferencia,
10086,2023-01-25 19:00,85,Plus S 0084,Ropa,2,808.09,1616.18,Alicante,Comunitat Valenciana,PayPal,
10087,2023-01-26 02:00,85,Plus S 0084,Ropa,3,808.09,2424.27,Valencia,Comunitat Valenciana,Bizum,
10088,2023-01-26 09:00,489,Pro S 0488,Ropa,3,134.74,404.22,Valladolid,Castilla y Leon,Efectivo,
10089,2023-01-26 16:00,65,Mini M 0064,Ropa,6,386.39,2318.34,Pamplona,Navarra,Efectivo,
10090,2023-01-26 23:00,64,Plus 3000 0063,Alimentacion,6,359.99,2159.94,Valladolid,Castilla y Leon,Bizum,
10091,2023-01-27 06:00,343,Smart M 0342,Ropa,10,627.35,6273.5,Pamplona,Navarra,Bizum,
10092,2023-01-27 13:00,352,Pro XL 0351,Ropa,3,466.4,1399.2,Madrid,Comunidad de Madrid,Bizum,23.9
10093,2023-01-27 20:00,158,Eco Z 0157,Hogar,3,99.48,298.44,Malaga,Andalucia,Bizum,
10094,2023-01-28 03:00,589,Max 3000 0588,Electronica,13,366.89,4769.57,Sevilla,Andalucia,Tarjeta,7.9
10095,2023-01-28 10:00,491,Ultra M 0490,Ropa,12,515.52,6186.24,Gijon,Asturias,Efectivo,
10096,2023-01-28 17:00,463,Ultra HD 0462,Deporte,13,170.16,2212.08,Malaga,Andalucia,Tarjeta,
10097,2023-01-29 00:00,225,Smart S 0224,Alimentacion,1,50.22,50.22,Valencia,Comunitat Valenciana,Transferencia,
10098,2023-01-29 07:00,313,Smart L 0312,Alimentacion,7,721.48,5050.36,Alicante,Comunitat Valenciana,Transferencia,
10099,2023-01-29 14:00,466,Mini X 0465,Electronica,13,540.09,7021.17,Pamplona,Navarra,Efectivo,25.6
10100,2023-01-29 21:00,88,Smart X 0087,Electronica,8,881.11,7048.88,Pamplona,Navarra,Transferencia,29.7
10101,2023-01-30 04:00,303,Pro M 0302,Electronica,2,363.81,727.62,Valladolid,Castilla y Leon,Bizum,
10102,2023-01-30 11:00,435,Max S 0434,Libreria,4,32.04,128.16,Bilbao,Pais Vasco,Tarjeta,12.0
10103,2023-01-30 18:00,135,Pro HD 0134,Deporte,10,886.88,8868.8,Bilbao,Pais Vasco,Bizum,
10104,2023-01-31 01:00,50,Pro 3000 0049,Libreria,7,283.07,1981.49,Pamplona,Navarra,Transferencia,
10105,2023-01-31 08:00,432,Eco 2000 0431,Libreria,8,121.67,973.36,Vigo,Galicia,Tarjeta,
10106,2023-01-31 15:00,340,Max XL 0339,Hogar,1,256.12,256.12,Barcelona,Cataluna,Bizum,
10107,2023-01-31 22:00,347,Max HD 0346,Alimentacion,4,102.07,408.28,Valladolid,Castilla y Leon,Efectivo,
10108,2023-02-01 05:00,347,Max HD 0346,Alimentacion,6,102.07,612.42,Cordoba,Andalucia,Bizum,
10109,2023-02-01 12:00,245,Eco L 0244,Electronica,3,330.76,992.28,Alicante,Comunitat Valenciana,Transferencia,
10110,2023-02-01 19:00,109,Plus XL 0108,Libreria,5,368.12,1840.6,Barcelona,Cataluna,Tarjeta,
10111,2023-02-02 02:00,533,Pro XL 0532,Alimentacion,10,535.57,5355.7,Sevilla,Andalucia,Efectivo,
10112,2023-02-02 09:00,90,Basic HD 0089,Deporte,9,780.82,7027.38,Pamplona,Navarra,Tarjeta,24.6
10113,2023-02-02 16:00,296,Pro M 0295,Hogar,11,884.16,9725.76,Sevilla,Andalucia,Efectivo,9.8
10114,2023-02-02 23:00,112,Pro M 0111,Electronica,13,571.37,7427.81,Sevilla,Andalucia,Tarjeta,
10115,2023-02-03 06:00,589,Max 3000 0588,Electronica,3,366.89,1100.67,Zaragoza,Aragon,Transferencia,
10116,2023-02-03 13:00,177,Plus M 0176,Ropa,5,754.01,3770.05,Barcelona,Cataluna,Efectivo,
10117,2023-02-03 20:00,343,Smart M 0342,Ropa,8,627.35,5018.8,Zaragoza,Aragon,PayPal,
10118,2023-02-04 03:00,101,Pro X 0100,Ropa,6,649.84,3899.04,Malaga,Andalucia,Tarjeta,
10119,2023-02-04 10:00,401,Max 2000 0400,Electronica,4,852.77,3411.08,Valladolid,Castilla y Leon,Tarjeta,
10120,2023-02-04 17:00,28,Plus 2000 0027,Hogar,8,283.04,2264.32,Cordoba,Andalucia,Bizum,
10121,2023-02-05 00:00,537,Plus Z 0536,Ropa,11,298.79,3286.69,Valencia,Comunitat Valenciana,Efectivo,
10122,2023-02-05 07:00,58,Plus 2000 0057,Deporte,3,503.34,1510.02,Valladolid,Castilla y Leon,PayPal,
10123,2023-02-05 14:00,498,Ultra HD 0497,Alimentacion,3,68.87,206.61,Alicante,Comunitat Valenciana,Transferencia,
10124,2023-02-05 21:00,297,Eco S 0296,Alimentacion,4,796.23,3184.92,Murcia,Region de Murcia,Bizum,
10125,2023-02-06 04:00,134,Ultra 3000 0133,Electronica,9,510.93,4598.37,Barcelona,Cataluna,PayPal,
10126,2023-02-06 11:00,331,Ultra L 0330,Ropa,5,354.48,1772.4,Valladolid,Castilla y Leon,Efectivo,
10127,2023-02-06 18:00,249,Basic 4K 0248,Electronica,8,479.11,3832.88,Murcia,Region de Murcia,PayPal,
10128,2023-02-07 01:00,550,Eco XL 0549,Deporte,6,365.31,2191.86,Vigo,Galicia,Tarjeta,
10129,2023-02-07 08:00,75,Pro S 0074,Ropa,3,476.76,1430.28,Valladolid,Castilla y Leon,Tarjeta,
10130,2023-02-07 15:00,168,Eco M 0167,Libreria,8,366.32,2930.56,Bilbao,Pais Vasco,Bizum,
10131,2023-02-07 22:00,503,Basic XL 0502,Deporte,12,324.58,3894.96,Barcelona,Cataluna,Efectivo,
10132,2023-02-08 05:00,355,Eco XL 0354,Alimentacion,9,597.24,5375.16,Malaga,Andalucia,Efectivo,
10133,2023-02-08 12:00,225,Smart S 0224,Alimentacion,8,50.22,401.76,Gijon,Asturias,PayPal,
10134,2023-02-08 19:00,531,Max S 0530,Alimentacion,13,396.98,5160.74,Barcelona,Cataluna,Bizum,
10135,2023-02-09 02:00,146,Basic M 0145,Libreria,4,122.51,490.04,Gijon,Asturias,Efectivo,
10136,2023-02-09 09:00,241,Ultra X 0240,Electronica,14,411.8,5765.2,Zaragoza,Aragon,Tarjeta,
10137,2023-02-09 16:00,344,Max Z 0343,Hogar,14,47.7,667.8,Cordoba,Andalucia,PayPal,
10138,2023-02-09 23:00,35,Mini 4K 0034,Ropa,13,544.92,7083.96,Valencia,Comunitat Valenciana,Transferencia,
10139,2023-02-10 06:00,1,Smart S 0000,Libreria,11,383.53,4218.83,Granada,Andalucia,Tarjeta,
10140,2023-02-10 13:00,153,Mini 3000 0152,Libreria,6,450.28,2701.68,Valencia,Comunitat Valenciana,Bizum,
10141,2023-02-10 20:00,429,Smart Z 0428,Hogar,1,756.58,756.58,Valladolid,Castilla y Leon,Efectivo,
10142,2023-02-11 03:00,508,Smart S 0507,Hogar,4,740.0,2960.0,Pamplona,Navarra,Tarjeta,
10143,2023-02-11 10:00,126,Eco M 0125,Deporte,8,313.28,2506.24,Alicante,Comunitat Valenciana,Transferencia,
10144,2023-02-11 17:00,491,Ultra M 0490,Ropa,1,515.52,515.52,Alicante,Comunitat Valenciana,Transferencia,
10145,2023-02-12 00:00,482,Smart HD 0481,Libreria,3,650.8,1952.4,Valencia,Comunitat Valenciana,Bizum,
10146,2023-02-12 07:00,345,Plus 4K 0344,Electronica,1,481.2,481.2,Bilbao,Pais Vasco,Tarjeta,
10147,2023-02-12 14:00,221,Mini XL 0220,Alimentacion,9,882.59,7943.31,Malaga,Andalucia,PayPal,
10148,2023-02-12 21:00,25,Ultra HD 0024,Ropa,2,170.93,341.86,Gijon,Asturias,Tarjeta,28.8
10149,2023-02-13 04:00,528,Pro S 0527,Libreria,9,434.88,3913.92,Murcia,Region de Murcia,Transferencia,
10150,2023-02-13 11:00,182,Plus HD 0181,Electronica,13,854.57,11109.41,Alicante,Comunitat Valenciana,Bizum,
10151,2023-02-13 18:00,499,Max XL 0498,Electronica,4,482.67,1930.68,Valladolid,Castilla y Leon,Bizum,
10152,2023-02-14 01:00,42,Plus HD 0041,Deporte,2,826.93,1653.86,Malaga,Andalucia,PayPal,
10153,2023-02-14 08:00,481,Basic M 0480,Alimentacion,4,877.32,3509.28,Granada,Andalucia,Bizum,
10154,2023-02-14 15:00,439,Eco L 0438,Ropa,12,868.2,10418.4,Bilbao,Pais Vasco,Bizum,
10155,2023-02-14 22:00,402,Max L 0401,Alimentacion,11,153.06,1683.66,Cordoba,Andalucia,Bizum,
10156,2023-02-15 05:00,546,Mini L 0545,Ropa,11,301.74,3319.14,Valladolid,Castilla y Leon,Bizum,
10157,2023-02-15 12:00,345,Plus 4K 0344,Electronica,10,481.2,4812.0,Pamplona,Navarra,Bizum,
10158,2023-02-15 19:00,45,Smart L 0044,Deporte,6,821.81,4930.86,Valencia,Comunitat Valenciana,Transferencia,
10159,2023-02-16 02:00,21,Max HD 0020,Deporte,11,819.96,9019.56,Zaragoza,Aragon,Tarjeta,
10160,2023-02-16 09:00,70,Smart 2000 0069,Alimentacion,7,342.43,2397.01,Bilbao,Pais Vasco,Efectivo,
10161,2023-02-16 16:00,48,Max X 0047,Alimentacion,3,152.29,456.87,Alicante,Comunitat Valenciana,Bizum,
10162,2023-02-16 23:00,491,Ultra M 0490,Ropa,3,515.52,1546.56,Sevilla,Andalucia,Efectivo,
10163,2023-02-17 06:00,551,Plus 3000 0550,Electronica,12,201.61,2419.32,Alicante,Comunitat Valenciana,Efectivo,
10164,2023-02-17 13:00,287,Basic HD 0286,Ropa,10,819.65,8196.5,Barcelona,Cataluna,Transferencia,
10165,2023-02-17 20:00,10,Max Z 0009,Hogar,12,95.57,1146.84,Malaga,Andalucia,Bizum,
10166,2023-02-18 03:00,542,Pro 3000 0541,Libreria,8,43.11,344.88,Vigo,Galicia,Efectivo,
10167,2023-02-18 10:00,274,Pro M 0273,Hogar,5,247.42,1237.1,Bilbao,Pais Vasco,Bizum,
10168,2023-02-18 17:00,600,Mini 3000 0599,Electronica,4,540.44,2161.76,Sevilla,Andalucia,PayPal,
10169,2023-02-19 00:00,381,Ultra M 0380,Libreria,7,235.77,1650.39,Alicante,Comunitat Valenciana,PayPal,
10170,2023-02-19 07:00,329,Ultra HD 0328,Ropa,7,774.66,5422.62,Gijon,Asturias,PayPal,
10171,2023-02-19 14:00,479,Mini Z 0478,Deporte,13,613.68,7977.84,Murcia,Region de Murcia,Efectivo,12.3
10172,2023-02-19 21:00,15,Pro 4K 0014,Electronica,9,695.03,6255.27,Granada,Andalucia,PayPal,
10173,2023-02-20 04:00,516,Plus S 0515,Alimentacion,9,553.19,4978.71,Granada,Andalucia,Transferencia,
10174,2023-02-20 11:00,191,Eco Z 0190,Hogar,5,762.37,3811.85,Valencia,Comunitat Valenciana,Transferencia,
10175,2023-02-20 18:00,168,Eco M 0167,Libreria,13,366.32,4762.16,Valencia,Comunitat Valenciana,Efectivo,
10176,2023-02-21 01:00,521,Mini HD 0520,Ropa,12,705.94,8471.28,Bilbao,Pais Vasco,Bizum,
10177,2023-02-21 08:00,137,Smart 4K 0136,Libreria,13,167.16,2173.08,Bilbao,Pais Vasco,Tarjeta,
10178,2023-02-21 15:00,154,Plus M 0153,Libreria,8,64.18,513.44,Cordoba,Andalucia,Bizum,
10179,2023-02-21 22:00,388,Pro XL 0387,Electronica,10,12.12,121.2,Barcelona,Cataluna,Bizum,
10180,2023-02-22 05:00,209,Smart HD 0208,Ropa,1,727.45,727.45,Madrid,Comunidad de Madrid,Bizum,
10181,2023-02-22 12:00,272,Eco Z 0271,Hogar,9,433.87,3904.83,Murcia,Region de Murcia,Bizum,
10182,2023-02-22 19:00,143,Eco L 0142,Alimentacion,8,199.34,1594.72,Valencia,Comunitat Valenciana,Tarjeta,
10183,2023-02-23 02:00,69,Ultra 2000 0068,Hogar,6,563.97,3383.82,Madrid,Comunidad de Madrid,PayPal,12.0
10184,2023-02-23 09:00,247,Eco L 0246,Libreria,13,435.02,5655.26,Madrid,Comunidad de Madrid,Bizum,
10185,2023-02-23 16:00,261,Max S 0260,Deporte,3,417.89,1253.67,Valladolid,Castilla y Leon,Transferencia,19.0
10186,2023-02-23 23:00,79,Max S 0078,Alimentacion,3,689.75,2069.25,Pamplona,Navarra,Efectivo,
10187,2023-02-24 06:00,525,Mini 4K 0524,Deporte,8,499.48,3995.84,Barcelona,Cataluna,Efectivo,
10188,2023-02-24 13:00,330,Ultra 4K 0329,Hogar,5,413.85,2069.25,Zaragoza,Aragon,Transferencia,
10189,2023-02-24 20:00,189,Eco 2000 0188,Ropa,10,149.15,1491.5,Zaragoza,Aragon,Bizum,
10190,2023-02-25 03:00,95,Mini L 0094,Electronica,11,456.93,5026.23,Gijon,Asturias,Tarjeta,
10191,2023-02-25 10:00,8,Eco 3000 0007,Electronica,14,654.57,9163.98,Valencia,Comunitat Valenciana,PayPal,
10192,2023-02-25 17:00,67,Max M 0066,Libreria,7,317.04,2219.28,Alicante,Comunitat Valenciana,Efectivo,
10193,2023-02-26 00:00,496,Eco X 0495,Ropa,5,699.11,3495.55,Sevilla,Andalucia,PayPal,
10194,2023-02-26 07:00,191,Eco Z 0190,Hogar,8,762.37,6098.96,Alicante,Comunitat Valenciana,Tarjeta,
10195,2023-02-26 14:00,366,Eco 3000 0365,Alimentacion,10,837.35,8373.5,Vigo,Galicia,Efectivo,15.6
10196,2023-02-26 21:00,521,Mini HD 0520,Ropa,10,705.94,7059.4,Barcelona,Cataluna,PayPal,
10197,2023-02-27 04:00,117,Plus 2000 0116,Electronica,4,580.05,2320.2,Barcelona,Cataluna,Tarjeta,
10198,2023-02-27 11:00,267,Max S 0266,Deporte,2,66.74,133.48,Pamplona,Navarra,PayPal,
10199,2023-02-27 18:00,485,Smart HD 0484,Ropa,3,857.56,2572.68,Malaga,Andalucia,Bizum,
10200,2023-02-28 01:00,509,Mini 3000 0508,Electronica,8,40.89,327.12,Vigo,Galicia,Tarjeta,15.8
10201,2023-02-28 08:00,298,Ultra X 0297,Ropa,11,542.31,5965.41,Madrid,Comunidad de Madrid,PayPal,
10202,2023-02-28 15:00,164,Eco S 0163,Libreria,13,571.25,7426.25,Malaga,Andalucia,Bizum,28.2
10203,2023-02-28 22:00,376,Smart X 0375,Deporte,7,208.84,1461.88,Gijon,Asturias,Bizum,
10204,2023-03-01 05:00,268,Eco 3000 0267,Hogar,13,12.49,162.37,Alicante,Comunitat Valenciana,Tarjeta,
10205,2023-03-01 12:00,549,Basic X 0548,Ropa,2,77.04,154.08,Gijon,Asturias,Transferencia,
10206,2023-03-01 19:00,74,Smart 2000 0073,Libreria,6,643.79,3862.74,Alicante,Comunitat Valenciana,Efectivo,
10207,2023-03-02 02:00,508,Smart S 0507,Hogar,9,740.0,6660.0,Gijon,Asturias,Tarjeta,12.3
10208,2023-03-02 09:00,73,Ultra M 0072,Deporte,4,267.45,1069.8,Madrid,Comunidad de Madrid,Bizum,
10209,2023-03-02 16:00,308,Pro S 0307,Ropa,9,46.05,414.45,Gijon,Asturias,Bizum,
10210,2023-03-02 23:00,199,Ultra 4K 0198,Electronica,2,635.6,1271.2,Zaragoza,Aragon,Tarjeta,
10211,2023-03-03 06:00,130,Plus 2000 0129,Libreria,2,200.67,401.34,Valencia,Comunitat Valenciana,Transferencia,
10212,2023-03-03 13:00,572,Mini M 0571,Alimentacion,9,892.94,8036.46,Murcia,Region de Murcia,Efectivo,
10213,2023-03-03 20:00,487,Mini 4K 0486,Electronica,12,652.95,7835.4,Zaragoza,Aragon,PayPal,
10214,2023-03-04 03:00,151,Plus X 0150,Libreria,7,478.57,3349.99,Valladolid,Castilla y Leon,Tarjeta,25.3
10215,2023-03-04 10:00,206,Basic Z 0205,Electronica,7,8.7,60.9,Barcelona,Cataluna,Efectivo,
10216,2023-03-04 17:00,179,Eco X 0178,Alimentacion,1,824.29,824.29,Murcia,Region de Murcia,Efectivo,
10217,2023-03-05 00:00,197,Smart Z 0196,Deporte,13,318.97,4146.61,Bilbao,Pais Vasco,Bizum,
10218,2023-03-05 07:00,89,Pro HD 0088,Libreria,11,756.44,8320.84,Murcia,Region de Murcia,PayPal,
10219,2023-03-05 14:00,434,Pro L 0433,Ropa,6,867.05,5202.3,Murcia,Region de Murcia,Tarjeta,
10220,2023-03-05 21:00,183,Max 3000 0182,Libreria,13,359.39,4672.07,Zaragoza,Aragon,Bizum,
10221,2023-03-06 04:00,209,Smart HD 0208,Ropa,7,727.45,5092.15,Barcelona,Cataluna,Bizum,
10222,2023-03-06 11:00,493,Smart S 0492,Libreria,11,436.18,4797.98,Murcia,Region de Murcia,Transferencia,
10223,2023-03-06 18:00,130,Plus 2000 0129,Libreria,14,200.67,2809.38,Pamplona,Navarra,Efectivo,
10224,2023-03-07 01:00,13,Pro 4K 0012,Ropa,6,24.62,147.72,Pamplona,Navarra,Tarjeta,
10225,2023-03-07 08:00,106,Pro 3000 0105,Electronica,6,866.52,5199.12,Valladolid,Castilla y Leon,Tarjeta,
10226,2023-03-07 15:00,375,Eco XL 0374,Libreria,2,738.66,1477.32,Zaragoza,Aragon,Tarjeta,
10227,2023-03-07 22:00,582,Basic 2000 0581,Alimentacion,6,570.75,3424.5,Zaragoza,Aragon,Bizum,
10228,2023-03-08 05:00,99,Eco 3000 0098,Electronica,4,799.15,3196.6,Murcia,Region de Murcia,Transferencia,23.0
10229,2023-03-08 12:00,594,Basic M 0593,Hogar,9,588.29,5294.61,Madrid,Comunidad de Madrid,PayPal,
10230,2023-03-08 19:00,587,Pro XL 0586,Hogar,12,395.69,4748.28,Barcelona,Cataluna,Bizum,
10231,2023-03-09 02:00,192,Pro 4K 0191,Deporte,1,859.88,859.88,Alicante,Comunitat Valenciana,PayPal,
10232,2023-03-09 09:00,325,Ultra 4K 0324,Alimentacion,13,562.14,7307.82,Alicante,Comunitat Valenciana,Transferencia,
10233,2023-03-09 16:00,467,Ultra S 0466,Libreria,8,548.14,4385.12,Granada,Andalucia,Efectivo,
10234,2023-03-09 23:00,367,Mini 3000 0366,Electronica,5,98.82,494.1,Valladolid,Castilla y Leon,Tarjeta,24.9
10235,2023-03-10 06:00,318,Smart HD 0317,Alimentacion,1,474.42,474.42,Alicante,Comunitat Valenciana,PayPal,
10236,2023-03-10 13:00,144,Max 2000 0143,Hogar,4,581.96,2327.84,Murcia,Region de Murcia,Bizum,
10237,2023-03-10 20:00,384,Ultra 4K 0383,Electronica,1,296.47,296.47,Alicante,Comunitat Valenciana,PayPal,
10238,2023-03-11 03:00,216,Basic HD 0215,Deporte,6,683.51,4101.06,Malaga,Andalucia,Efectivo,
10239,2023-03-11 10:00,361,Pro X 0360,Libreria,2,223.77,447.54,Malaga,Andalucia,Tarjeta,
10240,2023-03-11 17:00,324,Smart HD 0323,Electronica,5,419.18,2095.9,Bilbao,Pais Vasco,PayPal,
10241,2023-03-12 00:00,15,Pro 4K 0014,Electronica,7,695.03,4865.21,Barcelona,Cataluna,Efectivo,
10242,2023-03-12 07:00,217,Ultra XL 0216,Libreria,2,576.49,1152.98,Valladolid,Castilla y Leon,Bizum,
10243,2023-03-12 14:00,492,Pro Z 0491,Alimentacion,6,20.45,122.7,Zaragoza,Aragon,Transferencia,
10244,2023-03-12 21:00,547,Eco HD 0546,Alimentacion,6,490.05,2940.3,Cordoba,Andalucia,Bizum,
10245,2023-03-13 04:00,183,Max 3000 0182,Libreria,5,359.39,1796.95,Valencia,Comunitat Valenciana,Tarjeta,20.0
10246,2023-03-13 11:00,270,Ultra X 0269,Electronica,5,83.32,416.6,Sevilla,Andalucia,Bizum,
10247,2023-03-13 18:00,467,Ultra S 0466,Libreria,14,548.14,7673.96,Vigo,Galicia,Bizum,
10248,2023-03-14 01:00,519,Mini 3000 0518,Electronica,3,852.82,2558.46,Cordoba,Andalucia,Bizum,
10249,2023-03-14 08:00,542,Pro 3000 0541,Libreria,10,43.11,431.1,Alicante,Comunitat Valenciana,Bizum,
10250,2023-03-14 15:00,467,Ultra S 0466,Libreria,10,548.14,5481.4,Valladolid,Castilla y Leon,Tarjeta,
10251,2023-03-14 22:00,305,Pro S 0304,Alimentacion,11,210.58,2316.38,Barcelona,Cataluna,Efectivo,
10252,2023-03-15 05:00,144,Max 2000 0143,Hogar,12,581.96,6983.52,Gijon,Asturias,PayPal,
10253,2023-03-15 12:00,111,Eco X 0110,Alimentacion,2,81.87,163.74,Barcelona,Cataluna,Transferencia,
10254,2023-03-15 19:00,232,Pro 3000 0231,Electronica,7,284.31,1990.17,Alicante,Comunitat Valenciana,PayPal,
10255,2023-03-16 02:00,584,Mini Z 0583,Hogar,1,463.29,463.29,Murcia,Region de Murcia,PayPal,
10256,2023-03-16 09:00,592,Max S 0591,Electronica,6,597.7,3586.2,Murcia,Region de Murcia,Transferencia,
10257,2023-03-16 16:00,500,Plus 4K 0499,Electronica,6,794.74,4768.44,Cordoba,Andalucia,Tarjeta,13.8
10258,2023-03-16 23:00,595,Basic S 0594,Deporte,3,283.67,851.01,Zaragoza,Aragon,Transferencia,
10259,2023-03-17 06:00,554,Max L 0553,Ropa,2,757.04,1514.08,Vigo,Galicia,Tarjeta,
10260,2023-03-17 13:00,273,Basic X 0272,Hogar,12,524.35,6292.2,Bilbao,Pais Vasco,PayPal,
10261,2023-03-17 20:00,173,Basic Z 0172,Alimentacion,2,169.19,338.38,Murcia,Region de Murcia,Tarjeta,17.3
10262,2023-03-18 03:00,7,Max S 0006,Deporte,14,233.38,3267.32,Sevilla,Andalucia,Efectivo,
10263,2023-03-18 10:00,155,Eco HD 0154,Hogar,13,367.09,4772.17,Valladolid,Castilla y Leon,Transferencia,
10264,2023-03-18 17:00,522,Ultra 3000 0521,Electronica,9,552.57,4973.13,Sevilla,Andalucia,Efectivo,
10265,2023-03-19 00:00,546,Mini L 0545,Ropa,11,301.74,3319.14,Bilbao,Pais Vasco,PayPal,
10266,2023-03-19 07:00,548,Ultra M 0547,Hogar,5,445.97,2229.85,Madrid,Comunidad de Madrid,Transferencia,
10267,2023-03-19 14:00,518,Mini X 0517,Deporte,7,841.93,5893.51,Madrid,Comunidad de Madrid,PayPal,
10268,2023-03-19 21:00,215,Smart XL 0214,Hogar,12,862.51,10350.12,Barcelona,Cataluna,Efectivo,
10269,2023-03-20 04:00,134,Ultra 3000 0133,Electronica,5,510.93,2554.65,Gijon,Asturias,PayPal,
10270,2023-03-20 11:00,285,Ultra 4K 0284,Libreria,7,531.83,3722.81,Murcia,Region de Murcia,Transferencia,
10271,2023-03-20 18:00,126,Eco M 0125,Deporte,13,313.28,4072.64,Malaga,Andalucia,Transferencia,
10272,2023-03-21 01:00,439,Eco L 0438,Ropa,4,868.2,3472.8,Pamplona,Navarra,PayPal,11.3
10273,2023-03-21 08:00,152,Eco S 0151,Electronica,8,734.28,5874.24,Pamplona,Navarra,Transferencia,
10274,2023-03-21 15:00,331,Ultra L 0330,Ropa,13,354.48,4608.24,Cordoba,Andalucia,Transferencia,
10275,2023-03-21 22:00,538,Max 3000 0537,Alimentacion,11,425.27,4677.97,Granada,Andalucia,PayPal,27.0
10276,2023-03-22 05:00,383,Smart HD 0382,Deporte,14,79.34,1110.76,Bilbao,Pais Vasco,Efectivo,
10277,2023-03-22 12:00,115,Eco XL 0114,Alimentacion,10,114.0,1140.0,Barcelona,Cataluna,Transferencia,
10278,2023-03-22 19:00,482,Smart HD 0481,Libreria,13,650.8,8460.4,Malaga,Andalucia,Transferencia,
10279,2023-03-23 02:00,284,Max 4K 0283,Hogar,11,645.13,7096.43,Pamplona,Navarra,Transferencia,19.6
10280,2023-03-23 09:00,75,Pro S 0074,Ropa,10,476.76,4767.6,Murcia,Region de Murcia,Transferencia,
10281,2023-03-23 16:00,166,Smart M 0165,Electronica,7,517.66,3623.62,Alicante,Comunitat Valenciana,PayPal,28.5
10282,2023-03-23 23:00,189,Eco 2000 0188,Ropa,10,149.15,1491.5,Malaga,Andalucia,Efectivo,11.2
10283,2023-03-24 06:00,78,Smart 2000 0077,Alimentacion,5,449.31,2246.55,Gijon,Asturias,Efectivo,
10284,2023-03-24 13:00,21,Max HD 0020,Deporte,11,819.96,9019.56,Malaga,Andalucia,Tarjeta,
10285,2023-03-24 20:00,566,Pro X 0565,Deporte,6,30.33,181.98,Alicante,Comunitat Valenciana,Transferencia,
10286,2023-03-25 03:00,184,Max X 0183,Alimentacion,5,858.85,4294.25,Pamplona,Navarra,Transferencia,11.3
10287,2023-03-25 10:00,222,Basic L 0221,Electronica,7,813.4,5693.8,Gijon,Asturias,Tarjeta,
10288,2023-03-25 17:00,328,Smart 3000 0327,Electronica,12,805.84,9670.08,Bilbao,Pais Vasco,Efectivo,24.9
10289,2023-03-26 00:00,179,Eco X 0178,Alimentacion,2,824.29,1648.58,Barcelona,Cataluna,Bizum,
10290,2023-03-26 07:00,112,Pro M 0111,Electronica,5,571.37,2856.85,Zaragoza,Aragon,Bizum,
10291,2023-03-26 14:00,59,Pro 3000 0058,Deporte,10,775.12,7751.2,Sevilla,Andalucia,Efectivo,
10292,2023-03-26 21:00,327,Max XL 0326,Deporte,3,35.23,105.69,Cordoba,Andalucia,Transferencia,28.5
10293,2023-03-27 04:00,191,Eco Z 0190,Hogar,9,762.37,6861.33,Barcelona,Cataluna,Bizum,
10294,2023-03-27 11:00,200,Pro 3000 0199,Alimentacion,13,540.05,7020.65,Alicante,Comunitat Valenciana,PayPal,
10295,2023-03-27 18:00,312,Basic 4K 0311,Hogar,6,744.27,4465.62,Granada,Andalucia,PayPal,
10296,2023-03-28 01:00,35,Mini 4K 0034,Ropa,13,544.92,7083.96,Malaga,Andalucia,Tarjeta,9.3
10297,2023-03-28 08:00,379,Max M 0378,Libreria,10,502.33,5023.3,Zaragoza,Aragon,Efectivo,
10298,2023-03-28 15:00,387,Smart 3000 0386,Libreria,3,341.51,1024.53,Alicante,Comunitat Valenciana,Efectivo,
10299,2023-03-28 22:00,237,Max 2000 0236,Hogar,7,381.89,2673.23,Bilbao,Pais Vasco,Bizum,
10300,2023-03-29 05:00,519,Mini 3000 0518,Electronica,4,852.82,3411.28,Valencia,Comunitat Valenciana,Transferencia,
10301,2023-03-29 12:00,283,Ultra 3000 0282,Libreria,14,768.12,10753.68,Alicante,Comunitat Valenciana,Efectivo,
10302,2023-03-29 19:00,1,Smart S 0000,Libreria,3,383.53,1150.59,Pamplona,Navarra,Bizum,
10303,2023-03-30 02:00,464,Smart HD 0463,Electronica,8,418.03,3344.24,Pamplona,Navarra,Bizum,9.6
10304,2023-03-30 09:00,230,Plus 4K 0229,Electronica,13,501.99,6525.87,Cordoba,Andalucia,Efectivo,20.9
10305,2023-03-30 16:00,172,Mini 3000 0171,Libreria,4,862.92,3451.68,Cordoba,Andalucia,Bizum,
10306,2023-03-30 23:00,87,Smart HD 0086,Ropa,11,721.46,7936.06,Sevilla,Andalucia,Tarjeta,
10307,2023-03-31 06:00,553,Max M 0552,Libreria,1,186.4,186.4,Valencia,Comunitat Valenciana,Tarjeta,
10308,2023-03-31 13:00,123,Mini XL 0122,Deporte,6,329.29,1975.74,Alicante,Comunitat Valenciana,Efectivo,
10309,2023-03-31 20:00,298,Ultra X 0297,Ropa,10,542.31,5423.1,Valladolid,Castilla y Leon,Transferencia,
10310,2023-04-01 03:00,575,Eco S 0574,Libreria,11,347.92,3827.12,Murcia,Region de Murcia,Tarjeta,
10311,2023-04-01 10:00,484,Plus 4K 0483,Libreria,11,682.32,7505.52,Valencia,Comunitat Valenciana,Tarjeta,
10312,2023-04-01 17:00,165,Eco 3000 0164,Alimentacion,1,446.86,446.86,Malaga,Andalucia,Efectivo,
10313,2023-04-02 00:00,383,Smart HD 0382,Deporte,5,79.34,396.7,Malaga,Andalucia,PayPal,
10314,2023-04-02 07:00,209,Smart HD 0208,Ropa,7,727.45,5092.15,Malaga,Andalucia,Bizum,
10315,2023-04-02 14:00,432,Eco 2000 0431,Libreria,6,121.67,730.02,Vigo,Galicia,Tarjeta,
10316,2023-04-02 21:00,389,Pro Z 0388,Hogar,14,737.53,10325.42,Malaga,Andalucia,PayPal,
10317,2023-04-03 04:00,560,Eco 3000 0559,Deporte,2,662.86,1325.72,Gijon,Asturias,Transferencia,17.4
10318,2023-04-03 11:00,224,Max L 0223,Ropa,11,625.07,6875.77,Barcelona,Cataluna,PayPal,11.9
10319,2023-04-03 18:00,3,Max L 0002,Hogar,4,554.99,2219.96,Cordoba,Andalucia,Efectivo,
10320,2023-04-04 01:00,372,Ultra Z 0371,Deporte,11,421.05,4631.55,Valencia,Comunitat Valenciana,Transferencia,
10321,2023-04-04 08:00,446,Eco 3000 0445,Electronica,2,183.51,367.02,Cordoba,Andalucia,Transferencia,
10322,2023-04-04 15:00,116,Eco 2000 0115,Hogar,11,789.28,8682.08,Granada,Andalucia,PayPal,
10323,2023-04-04 22:00,270,Ultra X 0269,Electronica,1,83.32,83.32,Valencia,Comunitat Valenciana,Efectivo,16.0
10324,2023-04-05 05:00,447,Plus 3000 0446,Electronica,3,781.83,2345.49,Barcelona,Cataluna,Tarjeta,
10325,2023-04-05 12:00,368,Plus L 0367,Alimentacion,3,630.29,1890.87,Granada,Andalucia,PayPal,24.3
10326,2023-04-05 19:00,253,Smart X 0252,Hogar,12,724.35,8692.2,Vigo,Galicia,Tarjeta,20.5
10327,2023-04-06 02:00,317,Plus L 0316,Electronica,7,539.15,3774.05,Cordoba,Andalucia,PayPal,
10328,2023-04-06 09:00,415,Mini XL 0414,Deporte,1,62.79,62.79,Granada,Andalucia,Tarjeta,
10329,2023-04-06 16:00,95,Mini L 0094,Electronica,9,456.93,4112.37,Sevilla,Andalucia,PayPal,
10330,2023-04-06 23:00,24,Plus Z 0023,Electronica,11,152.3,1675.3,Gijon,Asturias,Transferencia,28.4
10331,2023-04-07 06:00,50,Pro 3000 0049,Libreria,6,283.07,1698.42,Alicante,Comunitat Valenciana,Bizum,
10332,2023-04-07 13:00,502,Basic 3000 0501,Libreria,4,742.75,2971.0,Granada,Andalucia,Transferencia,
10333,2023-04-07 20:00,498,Ultra HD 0497,Alimentacion,3,68.87,206.61,Valencia,Comunitat Valenciana,Tarjeta,
10334,2023-04-08 03:00,335,Mini S 0334,Electronica,3,767.56,2302.68,Malaga,Andalucia,Efectivo,
10335,2023-04-08 10:00,79,Max S 0078,Alimentacion,2,689.75,1379.5,Malaga,Andalucia,Transferencia,
10336,2023-04-08 17:00,582,Basic 2000 0581,Alimentacion,2,570.75,1141.5,Pamplona,Navarra,Bizum,
10337,2023-04-09 00:00,27,Ultra S 0026,Deporte,14,301.59,4222.26,Valladolid,Castilla y Leon,Tarjeta,
10338,2023-04-09 07:00,271,Plus S 0270,Electronica,12,37.68,452.16,Murcia,Region de Murcia,Transferencia,
10339,2023-04-09 14:00,562,Mini M 0561,Ropa,13,456.33,5932.29,Cordoba,Andalucia,PayPal,
10340,2023-04-09 21:00,247,Eco L 0246,Libreria,10,435.02,4350.2,Pamplona,Navarra,Efectivo,
10341,2023-04-10 04:00,591,Smart 3000 0590,Alimentacion,5,523.15,2615.75,Sevilla,Andalucia,Tarjeta,
10342,2023-04-10 11:00,387,Smart 3000 0386,Libreria,9,341.51,3073.59,Valencia,Comunitat Valenciana,Transferencia,25.8
10343,2023-04-10 18:00,559,Pro Z 0558,Deporte,2,567.36,1134.72,Valencia,Comunitat Valenciana,Tarjeta,
10344,2023-04-11 01:00,361,Pro X 0360,Libreria,2,223.77,447.54,Pamplona,Navarra,PayPal,
10345,2023-04-11 08:00,488,Mini HD 0487,Ropa,12,675.24,8102.88,Alicante,Comunitat Valenciana,Bizum,
10346,2023-04-11 15:00,352,Pro XL 0351,Ropa,6,466.4,2798.4,Bilbao,Pais Vasco,Transferencia,
10347,2023-04-11 22:00,256,Ultra L 0255,Electronica,13,665.11,8646.43,Valladolid,Castilla y Leon,Tarjeta,
10348,2023-04-12 05:00,222,Basic L 0221,Electronica,10,813.4,8134.0,Pamplona,Navarra,Tarjeta,
10349,2023-04-12 12:00,1,Smart S 0000,Libreria,2,383.53,767.06,Gijon,Asturias,Tarjeta,
10350,2023-04-12 19:00,546,Mini L 0545,Ropa,12,301.74,3620.88,Madrid,Comunidad de Madrid,Bizum,
10351,2023-04-13 02:00,446,Eco 3000 0445,Electronica,4,183.51,734.04,Cordoba,Andalucia,Tarjeta,
10352,2023-04-13 09:00,79,Max S 0078,Alimentacion,6,689.75,4138.5,Valencia,Comunitat Valenciana,Efectivo,
10353,2023-04-13 16:00,236,Max 4K 0235,Hogar,5,107.28,536.4,Gijon,Asturias,Efectivo,
10354,2023-04-13 23:00,334,Eco X 0333,Ropa,1,43.75,43.75,Zaragoza,Aragon,Tarjeta,
10355,2023-04-14 06:00,349,Basic HD 0348,Deporte,6,892.35,5354.1,Valencia,Comunitat Valenciana,Efectivo,
10356,2023-04-14 13:00,98,Smart XL 0097,Electronica,1,514.21,514.21,Bilbao,Pais Vasco,Transferencia,17.8
10357,2023-04-14 20:00,82,Mini Z 0081,Electronica,3,71.64,214.92,Granada,Andalucia,Efectivo,
10358,2023-04-15 03:00,502,Basic 3000 0501,Libreria,10,742.75,7427.5,Barcelona,Cataluna,Tarjeta,9.0
10359,2023-04-15 10:00,477,Basic 2000 0476,Deporte,5,138.01,690.05,Valladolid,Castilla y Leon,PayPal,
10360,2023-04-15 17:00,550,Eco XL 0549,Deporte,14,365.31,5114.34,Barcelona,Cataluna,Transferencia,28.2
10361,2023-04-16 00:00,14,Mini HD 0013,Electronica,10,587.62,5876.2,Alicante,Comunitat Valenciana,Bizum,
10362,2023-04-16 07:00,392,Ultra HD 0391,Hogar,13,20.5,266.5,Zaragoza,Aragon,Tarjeta,11.0
10363,2023-04-16 14:00,347,Max HD 0346,Alimentacion,5,102.07,510.35,Zaragoza,Aragon,Bizum,
10364,2023-04-16 21:00,310,Basic HD 0309,Hogar,13,36.9,479.7,Valladolid,Castilla y Leon,PayPal,
10365,2023-04-17 04:00,386,Basic L 0385,Deporte,10,107.79,1077.9,Valladolid,Castilla y Leon,Bizum,
10366,2023-04-17 11:00,209,Smart HD 0208,Ropa,6,727.45,4364.7,Murcia,Region de Murcia,Tarjeta,
10367,2023-04-17 18:00,357,Plus M 0356,Electronica,12,778.58,9342.96,Alicante,Comunitat Valenciana,Tarjeta,
10368,2023-04-18 01:00,568,Ultra L 0567,Libreria,10,547.14,5471.4,Vigo,Galicia,PayPal,
10369,2023-04-18 08:00,94,Basic HD 0093,Alimentacion,8,179.71,1437.68,Valladolid,Castilla y Leon,Tarjeta,
10370,2023-04-18 15:00,93,Mini 3000 0092,Hogar,5,231.47,1157.35,Gijon,Asturias,PayPal,
10371,2023-04-18 22:00,340,Max XL 0339,Hogar,14,256.12,3585.68,Barcelona,Cataluna,PayPal,
10372,2023-04-19 05:00,597,Basic L 0596,Libreria,11,772.75,8500.25,Granada,Andalucia,Tarjeta,
10373,2023-04-19 12:00,445,Eco XL 0444,Deporte,1,672.26,672.26,Pamplona,Navarra,Efectivo,
10374,2023-04-19 19:00,22,Smart Z 0021,Alimentacion,5,114.03,570.15,Barcelona,Cataluna,PayPal,
10375,2023-04-20 02:00,291,Plus HD 0290,Alimentacion,3,115.49,346.47,Vigo,Galicia,Tarjeta,
10376,2023-04-20 09:00,485,Smart HD 0484,Ropa,4,857.56,3430.24,Madrid,Comunidad de Madrid,Efectivo,
10377,2023-04-20 16:00,306,Eco HD 0305,Libreria,13,748.25,9727.25,Cordoba,Andalucia,PayPal,
10378,2023-04-20 23:00,128,Basic 4K 0127,Alimentacion,8,329.02,2632.16,Barcelona,Cataluna,Efectivo,
10379,2023-04-21 06:00,273,Basic X 0272,Hogar,7,524.35,3670.45,Alicante,Comunitat Valenciana,Transferencia,18.0
10380,2023-04-21 13:00,442,Max M 0441,Alimentacion,11,283.5,3118.5,Malaga,Andalucia,Transferencia,
10381,2023-04-21 20:00,503,Basic XL 0502,Deporte,5,324.58,1622.9,Murcia,Region de Murcia,Efectivo,
10382,2023-04-22 03:00,130,Plus 2000 0129,Libreria,2,200.67,401.34,Bilbao,Pais Vasco,PayPal,8.0
10383,2023-04-22 10:00,132,Pro 3000 0131,Alimentacion,6,702.65,4215.9,Zaragoza,Aragon,Tarjeta,
10384,2023-04-22 17:00,597,Basic L 0596,Libreria,11,772.75,8500.25,Alicante,Comunitat Valenciana,Bizum,
10385,2023-04-23 00:00,482,Smart HD 0481,Libreria,6,650.8,3904.8,Madrid,Comunidad de Madrid,Tarjeta,
10386,2023-04-23 07:00,390,Eco X 0389,Alimentacion,10,119.08,1190.8,Pamplona,Navarra,Bizum,
10387,2023-04-23 14:00,593,Plus Z 0592,Electronica,10,89.34,893.4,Zaragoza,Aragon,Bizum,
10388,2023-04-23 21:00,325,Ultra 4K 0324,Alimentacion,14,562.14,7869.96,Alicante,Comunitat Valenciana,PayPal,
10389,2023-04-24 04:00,69,Ultra 2000 0068,Hogar,11,563.97,6203.67,Pamplona,Navarra,Efectivo,
10390,2023-04-24 11:00,448,Plus 3000 0447,Electronica,6,644.56,3867.36,Murcia,Region de Murcia,Tarjeta,
10391,2023-04-24 18:00,528,Pro S 0527,Libreria,14,434.88,6088.32,Vigo,Galicia,Efectivo,
10392,2023-04-25 01:00,165,Eco 3000 0164,Alimentacion,9,446.86,4021.74,Valencia,Comunitat Valenciana,Transferencia,15.4
10393,2023-04-25 08:00,488,Mini HD 0487,Ropa,11,675.24,7427.64,Valladolid,Castilla y Leon,PayPal,
10394,2023-04-25 15:00,426,Mini Z 0425,Alimentacion,8,476.2,3809.6,Madrid,Comunidad de Madrid,PayPal,
10395,2023-04-25 22:00,265,Ultra X 0264,Libreria,8,348.02,2784.16,Valladolid,Castilla y Leon,Transferencia,
10396,2023-04-26 05:00,342,Ultra M 0341,Hogar,1,8.54,8.54,Sevilla,Andalucia,Tarjeta,8.5
10397,2023-04-26 12:00,278,Eco 4K 0277,Ropa,5,472.17,2360.85,Madrid,Comunidad de Madrid,Transferencia,
10398,2023-04-26 19:00,439,Eco L 0438,Ropa,7,868.2,6077.4,Gijon,Asturias,Tarjeta,
10399,2023-04-27 02:00,157,Max Z 0156,Hogar,6,649.29,3895.74,Murcia,Region de Murcia,Bizum,
10400,2023-04-27 09:00,422,Max Z 0421,Libreria,5,423.8,2119.0,Bilbao,Pais Vasco,PayPal,
10401,2023-04-27 16:00,251,Max XL 0250,Ropa,8,366.41,2931.28,Madrid,Comunidad de Madrid,Tarjeta,
10402,2023-04-27 23:00,530,Ultra XL 0529,Libreria,3,150.93,452.79,Gijon,Asturias,Efectivo,
10403,2023-04-28 06:00,327,Max XL 0326,Deporte,6,35.23,211.38,Murcia,Region de Murcia,Efectivo,15.0
10404,2023-04-28 13:00,97,Ultra 3000 0096,Deporte,5,307.98,1539.9,Granada,Andalucia,PayPal,
10405,2023-04-28 20:00,513,Max S 0512,Alimentacion,8,807.0,6456.0,Cordoba,Andalucia,Transferencia,
10406,2023-04-29 03:00,216,Basic HD 0215,Deporte,4,683.51,2734.04,Barcelona,Cataluna,Transferencia,
10407,2023-04-29 10:00,132,Pro 3000 0131,Alimentacion,8,702.65,5621.2,Granada,Andalucia,Tarjeta,
10408,2023-04-29 17:00,260,Ultra XL 0259,Deporte,10,378.08,3780.8,Murcia,Region de Murcia,Transferencia,
10409,2023-04-30 00:00,125,Pro XL 0124,Hogar,14,748.26,10475.64,Malaga,Andalucia,PayPal,
10410,2023-04-30 07:00,82,Mini Z 0081,Electronica,2,71.64,143.28,Valencia,Comunitat Valenciana,Tarjeta,
10411,2023-04-30 14:00,283,Ultra 3000 0282,Libreria,9,768.12,6913.08,Barcelona,Cataluna,Bizum,
10412,2023-04-30 21:00,59,Pro 3000 0058,Deporte,13,775.12,10076.56,Malaga,Andalucia,Transferencia,
10413,2023-05-01 04:00,544,Basic X 0543,Electronica,9,22.68,204.12,Pamplona,Navarra,Transferencia,24.3
10414,2023-05-01 11:00,161,Plus X 0160,Hogar,14,242.77,3398.78,Bilbao,Pais Vasco,Tarjeta,
10415,2023-05-01 18:00,284,Max 4K 0283,Hogar,10,645.13,6451.3,Zaragoza,Aragon,Efectivo,
10416,2023-05-02 01:00,106,Pro 3000 0105,Electronica,10,866.52,8665.2,Sevilla,Andalucia,Transferencia,
10417,2023-05-02 08:00,105,Pro L 0104,Deporte,13,726.93,9450.09,Barcelona,Cataluna,PayPal,24.1
10418,2023-05-02 15:00,439,Eco L 0438,Ropa,6,868.2,5209.2,Granada,Andalucia,Transferencia,24.7
10419,2023-05-02 22:00,228,Smart 3000 0227,Libreria,4,531.07,2124.28,Valencia,Comunitat Valenciana,Bizum,
10420,2023-05-03 05:00,582,Basic 2000 0581,Alimentacion,4,570.75,2283.0,Alicante,Comunitat Valenciana,Transferencia,
10421,2023-05-03 12:00,318,Smart HD 0317,Alimentacion,13,474.42,6167.46,Gijon,Asturias,Efectivo,
10422,2023-05-03 19:00,464,Smart HD 0463,Electronica,6,418.03,2508.18,Malaga,Andalucia,Transferencia,
10423,2023-05-04 02:00,599,Eco XL 0598,Libreria,5,531.21,2656.05,Gijon,Asturias,Tarjeta,21.9
10424,2023-05-04 09:00,472,Mini 4K 0471,Libreria,6,587.75,3526.5,Murcia,Region de Murcia,Transferencia,
10425,2023-05-04 16:00,56,Ultra 2000 0055,Electronica,7,878.08,6146.56,Barcelona,Cataluna,Efectivo,10.6
10426,2023-05-04 23:00,13,Pro 4K 0012,Ropa,7,24.62,172.34,Gijon,Asturias,Tarjeta,
10427,2023-05-05 06:00,440,Ultra XL 0439,Alimentacion,9,685.03,6165.27,Zaragoza,Aragon,PayPal,
10428,2023-05-05 13:00,18,Plus HD 0017,Libreria,8,73.27,586.16,Valladolid,Castilla y Leon,Tarjeta,
10429,2023-05-05 20:00,113,Mini Z 0112,Hogar,13,663.36,8623.68,Murcia,Region de Murcia,Bizum,
10430,2023-05-06 03:00,229,Plus Z 0228,Electronica,6,899.41,5396.46,Malaga,Andalucia,Tarjeta,
10431,2023-05-06 10:00,171,Mini M 0170,Alimentacion,12,321.06,3852.72,Valladolid,Castilla y Leon,PayPal,
10432,2023-05-06 17:00,295,Eco M 0294,Electronica,6,531.33,3187.98,Valencia,Comunitat Valenciana,Transferencia,
10433,2023-05-07 00:00,189,Eco 2000 0188,Ropa,14,149.15,2088.1,Madrid,Comunidad de Madrid,Tarjeta,
10434,2023-05-07 07:00,426,Mini Z 0425,Alimentacion,5,476.2,2381.0,Gijon,Asturias,Tarjeta,
10435,2023-05-07 14:00,79,Max S 0078,Alimentacion,1,689.75,689.75,Zaragoza,Aragon,Tarjeta,
10436,2023-05-07 21:00,182,Plus HD 0181,Electronica,9,854.57,7691.13,Murcia,Region de Murcia,Tarjeta,
10437,2023-05-08 04:00,499,Max XL 0498,Electronica,9,482.67,4344.03,Zaragoza,Aragon,PayPal,
10438,2023-05-08 11:00,71,Basic HD 0070,Libreria,9,753.55,6781.95,Bilbao,Pais Vasco,Efectivo,
10439,2023-05-08 18:00,248,Mini 2000 0247,Alimentacion,11,796.95,8766.45,Valladolid,Castilla y Leon,Efectivo,
10440,2023-05-09 01:00,146,Basic M 0145,Libreria,8,122.51,980.08,Alicante,Comunitat Valenciana,Tarjeta,
10441,2023-05-09 08:00,296,Pro M 0295,Hogar,13,884.16,11494.08,Murcia,Region de Murcia,PayPal,
10442,2023-05-09 15:00,582,Basic 2000 0581,Alimentacion,10,570.75,5707.5,Barcelona,Cataluna,PayPal,
10443,2023-05-09 22:00,470,Max S 0469,Hogar,13,206.07,2678.91,Pamplona,Navarra,Tarjeta,
10444,2023-05-10 05:00,506,Mini L 0505,Hogar,3,183.96,551.88,Alicante,Comunitat Valenciana,Bizum,
10445,2023-05-10 12:00,193,Smart XL 0192,Libreria,1,142.58,142.58,Pamplona,Navarra,Tarjeta,
10446,2023-05-10 19:00,68,Pro L 0067,Ropa,11,423.53,4658.83,Madrid,Comunidad de Madrid,Bizum,16.1
10447,2023-05-11 02:00,494,Smart XL 0493,Libreria,12,192.46,2309.52,Madrid,Comunidad de Madrid,Tarjeta,
10448,2023-05-11 09:00,52,Eco M 0051,Libreria,12,252.71,3032.52,Pamplona,Navarra,Bizum,
10449,2023-05-11 16:00,363,Mini M 0362,Ropa,8,147.71,1181.68,Gijon,Asturias,Bizum,
10450,2023-05-11 23:00,474,Mini 3000 0473,Libreria,7,532.87,3730.09,Sevilla,Andalucia,Tarjeta,
10451,2023-05-12 06:00,521,Mini HD 0520,Ropa,13,705.94,9177.22,Zaragoza,Aragon,Bizum,7.2
10452,2023-05-12 13:00,431,Mini X 0430,Deporte,5,210.12,1050.6,Vigo,Galicia,Transferencia,
10453,2023-05-12 20:00,298,Ultra X 0297,Ropa,10,542.31,5423.1,Granada,Andalucia,Efectivo,
10454,2023-05-13 03:00,435,Max S 0434,Libreria,7,32.04,224.28,Madrid,Comunidad de Madrid,PayPal,
10455,2023-05-13 10:00,198,Smart 4K 0197,Deporte,10,373.85,3738.5,Alicante,Comunitat Valenciana,Bizum,
10456,2023-05-13 17:00,128,Basic 4K 0127,Alimentacion,4,329.02,1316.08,Madrid,Comunidad de Madrid,Bizum,
10457,2023-05-14 00:00,532,Max M 0531,Hogar,9,653.43,5880.87,Vigo,Galicia,PayPal,
10458,2023-05-14 07:00,411,Eco Z 0410,Hogar,11,403.57,4439.27,Vigo,Galicia,Bizum,
10459,2023-05-14 14:00,65,Mini M 0064,Ropa,10,386.39,3863.9,Bilbao,Pais Vasco,PayPal,
10460,2023-05-14 21:00,241,Ultra X 0240,Electronica,14,411.8,5765.2,Cordoba,Andalucia,Tarjeta,
10461,2023-05-15 04:00,369,Eco 4K 0368,Libreria,2,173.53,347.06,Bilbao,Pais Vasco,Transferencia,
10462,2023-05-15 11:00,536,Smart 4K 0535,Deporte,9,555.69,5001.21,Bilbao,Pais Vasco,Transferencia,
10463,2023-05-15 18:00,384,Ultra 4K 0383,Electronica,9,296.47,2668.23,Cordoba,Andalucia,Efectivo,13.7
10464,2023-05-16 01:00,431,Mini X 0430,Deporte,5,210.12,1050.6,Zaragoza,Aragon,Bizum,
10465,2023-05-16 08:00,83,Ultra HD 0082,Ropa,11,678.9,7467.9,Murcia,Region de Murcia,Efectivo,18.9
10466,2023-05-16 15:00,574,Eco 4K 0573,Deporte,1,325.79,325.79,Valencia,Comunitat Valenciana,Tarjeta,
10467,2023-05-16 22:00,286,Mini Z 0285,Alimentacion,7,252.42,1766.94,Granada,Andalucia,Transferencia,
10468,2023-05-17 05:00,534,Ultra 3000 0533,Libreria,10,586.65,5866.5,Vigo,Galicia,Tarjeta,
10469,2023-05-17 12:00,459,Pro 4K 0458,Electronica,10,717.92,7179.2,Madrid,Comunidad de Madrid,Tarjeta,
10470,2023-05-17 19:00,212,Eco M 0211,Libreria,4,622.73,2490.92,Sevilla,Andalucia,Bizum,
10471,2023-05-18 02:00,126,Eco M 0125,Deporte,9,313.28,2819.52,Granada,Andalucia,Tarjeta,
10472,2023-05-18 09:00,413,Smart 4K 0412,Libreria,6,536.57,3219.42,Pamplona,Navarra,Transferencia,
10473,2023-05-18 16:00,499,Max XL 0498,Electronica,13,482.67,6274.71,Gijon,Asturias,Efectivo,
10474,2023-05-18 23:00,425,Eco Z 0424,Alimentacion,3,769.36,2308.08,Murcia,Region de Murcia,Transferencia,
10475,2023-05-19 06:00,554,Max L 0553,Ropa,6,757.04,4542.24,Cordoba,Andalucia,Bizum,
10476,2023-05-19 13:00,543,Mini 2000 0542,Hogar,13,148.85,1935.05,Granada,Andalucia,Transferencia,16.6
10477,2023-05-19 20:00,158,Eco Z 0157,Hogar,10,99.48,994.8,Madrid,Comunidad de Madrid,PayPal,
10478,2023-05-20 03:00,112,Pro M 0111,Electronica,6,571.37,3428.22,Granada,Andalucia,Efectivo,29.4
10479,2023-05-20 10:00,402,Max L 0401,Alimentacion,5,153.06,765.3,Valencia,Comunitat Valenciana,PayPal,
10480,2023-05-20 17:00,122,Plus Z 0121,Electronica,2,743.29,1486.58,Valladolid,Castilla y Leon,PayPal,
10481,2023-05-21 00:00,273,Basic X 0272,Hogar,10,524.35,5243.5,Alicante,Comunitat Valenciana,Bizum,27.6
10482,2023-05-21 07:00,294,Max HD 0293,Ropa,10,236.04,2360.4,Cordoba,Andalucia,Tarjeta,
10483,2023-05-21 14:00,398,Mini X 0397,Hogar,2,710.76,1421.52,Granada,Andalucia,PayPal,
10484,2023-05-21 21:00,471,Smart 3000 0470,Libreria,7,148.09,1036.63,Madrid,Comunidad de Madrid,Transferencia,
10485,2023-05-22 04:00,207,Pro 3000 0206,Libreria,2,96.36,192.72,Madrid,Comunidad de Madrid,Tarjeta,
10486,2023-05-22 11:00,110,Smart L 0109,Hogar,12,294.29,3531.48,Granada,Andalucia,Transferencia,
10487,2023-05-22 18:00,440,Ultra XL 0439,Alimentacion,6,685.03,4110.18,Valladolid,Castilla y Leon,Transferencia,14.2
10488,2023-05-23 01:00,278,Eco 4K 0277,Ropa,5,472.17,2360.85,Gijon,Asturias,Tarjeta,
10489,2023-05-23 08:00,568,Ultra L 0567,Libreria,4,547.14,2188.56,Zaragoza,Aragon,Tarjeta,
10490,2023-05-23 15:00,569,Eco 3000 0568,Ropa,7,539.55,3776.85,Sevilla,Andalucia,Transferencia,
10491,2023-05-23 22:00,482,Smart HD 0481,Libreria,8,650.8,5206.4,Malaga,Andalucia,Bizum,
10492,2023-05-24 05:00,114,Max 4K 0113,Ropa,4,763.91,3055.64,Bilbao,Pais Vasco,Efectivo,
10493,2023-05-24 12:00,477,Basic 2000 0476,Deporte,1,138.01,138.01,Cordoba,Andalucia,Efectivo,
10494,2023-05-24 19:00,321,Smart 4K 0320,Libreria,1,444.09,444.09,Gijon,Asturias,Bizum,
10495,2023-05-25 02:00,179,Eco X 0178,Alimentacion,1,824.29,824.29,Malaga,Andalucia,Tarjeta,16.8
10496,2023-05-25 09:00,219,Mini X 0218,Electronica,11,652.79,7180.69,Murcia,Region de Murcia,Transferencia,
10497,2023-05-25 16:00,528,Pro S 0527,Libreria,1,434.88,434.88,Murcia,Region de Murcia,Efectivo,
10498,2023-05-25 23:00,492,Pro Z 0491,Alimentacion,5,20.45,102.25,Madrid,Comunidad de Madrid,Transferencia,20.1
10499,2023-05-26 06:00,61,Pro 2000 0060,Deporte,4,169.27,677.08,Murcia,Region de Murcia,Bizum,
10500,2023-05-26 13:00,54,Basic M 0053,Ropa,13,194.55,2529.15,Zaragoza,Aragon,Transferencia,
10501,2023-05-26 20:00,538,Max 3000 0537,Alimentacion,14,425.27,5953.78,Sevilla,Andalucia,Bizum,
10502,2023-05-27 03:00,65,Mini M 0064,Ropa,9,386.39,3477.51,Vigo,Galicia,Tarjeta,
10503,2023-05-27 10:00,586,Basic 4K 0585,Ropa,3,65.93,197.79,Gijon,Asturias,Bizum,
10504,2023-05-27 17:00,171,Mini M 0170,Alimentacion,14,321.06,4494.84,Alicante,Comunitat Valenciana,Bizum,
10505,2023-05-28 00:00,273,Basic X 0272,Hogar,7,524.35,3670.45,Murcia,Region de Murcia,Efectivo,
10506,2023-05-28 07:00,535,Ultra L 0534,Alimentacion,11,433.42,4767.62,Valencia,Comunitat Valenciana,Transferencia,12.4
10507,2023-05-28 14:00,391,Basic L 0390,Alimentacion,8,257.87,2062.96,Vigo,Galicia,Efectivo,
10508,2023-05-28 21:00,327,Max XL 0326,Deporte,6,35.23,211.38,Sevilla,Andalucia,PayPal,
10509,2023-05-29 04:00,108,Ultra Z 0107,Alimentacion,12,130.4,1564.8,Pamplona,Navarra,Bizum,
10510,2023-05-29 11:00,162,Plus X 0161,Deporte,13,660.03,8580.39,Zaragoza,Aragon,PayPal,9.5
10511,2023-05-29 18:00,452,Max 4K 0451,Deporte,10,146.67,1466.7,Valladolid,Castilla y Leon,Efectivo,
10512,2023-05-30 01:00,206,Basic Z 0205,Electronica,13,8.7,113.1,Malaga,Andalucia,Transferencia,
10513,2023-05-30 08:00,590,Plus 3000 0589,Alimentacion,1,535.24,535.24,Sevilla,Andalucia,Efectivo,
10514,2023-05-30 15:00,16,Eco M 0015,Deporte,8,339.48,2715.84,Sevilla,Andalucia,Transferencia,
10515,2023-05-30 22:00,327,Max XL 0326,Deporte,10,35.23,352.3,Malaga,Andalucia,Transferencia,
10516,2023-05-31 05:00,2,Max 3000 0001,Libreria,3,261.97,785.91,Zaragoza,Aragon,Tarjeta,
10517,2023-05-31 12:00,10,Max Z 0009,Hogar,8,95.57,764.56,Vigo,Galicia,Bizum,6.7
10518,2023-05-31 19:00,434,Pro L 0433,Ropa,12,867.05,10404.6,Valladolid,Castilla y Leon,Efectivo,25.1
10519,2023-06-01 02:00,125,Pro XL 0124,Hogar,4,748.26,2993.04,Murcia,Region de Murcia,Transferencia,
10520,2023-06-01 09:00,81,Basic M 0080,Electronica,8,303.58,2428.64,Madrid,Comunidad de Madrid,Efectivo,11.1
10521,2023-06-01 16:00,485,Smart HD 0484,Ropa,11,857.56,9433.16,Cordoba,Andalucia,Efectivo,
10522,2023-06-01 23:00,150,Pro 3000 0149,Libreria,1,741.03,741.03,Vigo,Galicia,Transferencia,
10523,2023-06-02 06:00,340,Max XL 0339,Hogar,3,256.12,768.36,Valladolid,Castilla y Leon,PayPal,
10524,2023-06-02 13:00,129,Basic M 0128,Ropa,6,775.51,4653.06,Malaga,Andalucia,Bizum,
10525,2023-06-02 20:00,438,Pro S 0437,Deporte,9,772.18,6949.62,Alicante,Comunitat Valenciana,Bizum,
10526,2023-06-03 03:00,501,Eco Z 0500,Libreria,2,77.92,155.84,Malaga,Andalucia,Tarjeta,
10527,2023-06-03 10:00,58,Plus 2000 0057,Deporte,11,503.34,5536.74,Valladolid,Castilla y Leon,Tarjeta,
10528,2023-06-03 17:00,198,Smart 4K 0197,Deporte,1,373.85,373.85,Malaga,Andalucia,Tarjeta,
10529,2023-06-04 00:00,211,Pro 3000 0210,Libreria,10,711.84,7118.4,Malaga,Andalucia,Bizum,
10530,2023-06-04 07:00,45,Smart L 0044,Deporte,3,821.81,2465.43,Cordoba,Andalucia,PayPal,28.1
10531,2023-06-04 14:00,97,Ultra 3000 0096,Deporte,4,307.98,1231.92,Gijon,Asturias,Bizum,6.4
10532,2023-06-04 21:00,279,Basic Z 0278,Hogar,11,660.11,7261.21,Cordoba,Andalucia,Bizum,
10533,2023-06-05 04:00,535,Ultra L 0534,Alimentacion,5,433.42,2167.1,Murcia,Region de Murcia,Bizum,
10534,2023-06-05 11:00,410,Pro 3000 0409,Deporte,3,609.73,1829.19,Granada,Andalucia,Bizum,29.7
10535,2023-06-05 18:00,461,Pro 4K 0460,Libreria,13,821.0,10673.0,Granada,Andalucia,PayPal,
10536,2023-06-06 01:00,391,Basic L 0390,Alimentacion,10,257.87,2578.7,Barcelona,Cataluna,Tarjeta,
10537,2023-06-06 08:00,44,Max Z 0043,Hogar,11,33.42,367.62,Vigo,Galicia,Efectivo,
10538,2023-06-06 15:00,27,Ultra S 0026,Deporte,2,301.59,603.18,Vigo,Galicia,Tarjeta,
10539,2023-06-06 22:00,97,Ultra 3000 0096,Deporte,2,307.98,615.96,Malaga,Andalucia,Tarjeta,
10540,2023-06-07 05:00,548,Ultra M 0547,Hogar,7,445.97,3121.79,Malaga,Andalucia,Efectivo,
10541,2023-06-07 12:00,567,Pro 2000 0566,Libreria,9,358.37,3225.33,Sevilla,Andalucia,Bizum,
10542,2023-06-07 19:00,219,Mini X 0218,Electronica,10,652.79,6527.9,Granada,Andalucia,PayPal,6.8
10543,2023-06-08 02:00,185,Mini L 0184,Electronica,2,124.95,249.9,Murcia,Region de Murcia,PayPal,19.5
10544,2023-06-08 09:00,69,Ultra 2000 0068,Hogar,7,563.97,3947.79,Alicante,Comunitat Valenciana,Tarjeta,
10545,2023-06-08 16:00,130,Plus 2000 0129,Libreria,7,200.67,1404.69,Madrid,Comunidad de Madrid,Efectivo,7.4
10546,2023-06-08 23:00,567,Pro 2000 0566,Libreria,11,358.37,3942.07,Barcelona,Cataluna,Transferencia,
10547,2023-06-09 06:00,599,Eco XL 0598,Libreria,7,531.21,3718.47,Vigo,Galicia,Bizum,
10548,2023-06-09 13:00,334,Eco X 0333,Ropa,3,43.75,131.25,Pamplona,Navarra,Tarjeta,
10549,2023-06-09 20:00,154,Plus M 0153,Libreria,12,64.18,770.16,Vigo,Galicia,PayPal,
10550,2023-06-10 03:00,547,Eco HD 0546,Alimentacion,7,490.05,3430.35,Barcelona,Cataluna,Efectivo,
10551,2023-06-10 10:00,79,Max S 0078,Alimentacion,1,689.75,689.75,Alicante,Comunitat Valenciana,Efectivo,
10552,2023-06-10 17:00,579,Max XL 0578,Electronica,10,699.29,6992.9,Alicante,Comunitat Valenciana,Tarjeta,
10553,2023-06-11 00:00,413,Smart 4K 0412,Libreria,1,536.57,536.57,Valladolid,Castilla y Leon,Transferencia,9.5
10554,2023-06-11 07:00,546,Mini L 0545,Ropa,5,301.74,1508.7,Pamplona,Navarra,PayPal,
10555,2023-06-11 14:00,169,Mini 2000 0168,Deporte,2,694.73,1389.46,Pamplona,Navarra,Tarjeta,5.3
10556,2023-06-11 21:00,583,Pro S 0582,Libreria,9,338.06,3042.54,Murcia,Region de Murcia,Transferencia,
10557,2023-06-12 04:00,515,Ultra S 0514,Ropa,7,556.47,3895.29,Pamplona,Navarra,Efectivo,
10558,2023-06-12 11:00,314,Max M 0313,Electronica,4,568.27,2273.08,Madrid,Comunidad de Madrid,Bizum,
10559,2023-06-12 18:00,32,Plus Z 0031,Ropa,4,670.84,2683.36,Sevilla,Andalucia,PayPal,
10560,2023-06-13 01:00,287,Basic HD 0286,Ropa,2,819.65,1639.3,Cordoba,Andalucia,PayPal,
10561,2023-06-13 08:00,594,Basic M 0593,Hogar,5,588.29,2941.45,Alicante,Comunitat Valenciana,Transferencia,
10562,2023-06-13 15:00,43,Mini 3000 0042,Alimentacion,4,530.0,2120.0,Bilbao,Pais Vasco,Tarjeta,
10563,2023-06-13 22:00,1,Smart S 0000,Libreria,12,383.53,4602.36,Granada,Andalucia,Efectivo,
10564,2023-06-14 05:00,573,Smart M 0572,Alimentacion,13,258.32,3358.16,Malaga,Andalucia,Transferencia,
10565,2023-06-14 12:00,270,Ultra X 0269,Electronica,1,83.32,83.32,Murcia,Region de Murcia,Bizum,
10566,2023-06-14 19:00,180,Plus L 0179,Alimentacion,12,650.48,7805.76,Gijon,Asturias,Bizum,
10567,2023-06-15 02:00,518,Mini X 0517,Deporte,8,841.93,6735.44,Valladolid,Castilla y Leon,Bizum,
10568,2023-06-15 09:00,103,Plus 2000 0102,Deporte,3,889.89,2669.67,Granada,Andalucia,Transferencia,21.0
10569,2023-06-15 16:00,10,Max Z 0009,Hogar,14,95.57,1337.98,Vigo,Galicia,Efectivo,
10570,2023-06-15 23:00,583,Pro S 0582,Libreria,6,338.06,2028.36,Malaga,Andalucia,PayPal,
10571,2023-06-16 06:00,90,Basic HD 0089,Deporte,4,780.82,3123.28,Bilbao,Pais Vasco,Tarjeta,
10572,2023-06-16 13:00,226,Mini S 0225,Deporte,9,604.24,5438.16,Vigo,Galicia,PayPal,
10573,2023-06-16 20:00,126,Eco M 0125,Deporte,7,313.28,2192.96,Pamplona,Navarra,Efectivo,
10574,2023-06-17 03:00,209,Smart HD 0208,Ropa,9,727.45,6547.05,Bilbao,Pais Vasco,PayPal,20.4
10575,2023-06-17 10:00,97,Ultra 3000 0096,Deporte,10,307.98,3079.8,Cordoba,Andalucia,Transferencia,
10576,2023-06-17 17:00,74,Smart 2000 0073,Libreria,3,643.79,1931.37,Valladolid,Castilla y Leon,Bizum,
10577,2023-06-18 00:00,191,Eco Z 0190,Hogar,1,762.37,762.37,Zaragoza,Aragon,Efectivo,5.8
10578,2023-06-18 07:00,56,Ultra 2000 0055,Electronica,5,878.08,4390.4,Bilbao,Pais Vasco,Efectivo,
10579,2023-06-18 14:00,553,Max M 0552,Libreria,3,186.4,559.2,Vigo,Galicia,PayPal,
10580,2023-06-18 21:00,32,Plus Z 0031,Ropa,6,670.84,4025.04,Alicante,Comunitat Valenciana,Transferencia,
10581,2023-06-19 04:00,527,Basic S 0526,Ropa,8,706.3,5650.4,Valladolid,Castilla y Leon,PayPal,
10582,2023-06-19 11:00,574,Eco 4K 0573,Deporte,11,325.79,3583.69,Granada,Andalucia,PayPal,11.8
10583,2023-06-19 18:00,284,Max 4K 0283,Hogar,13,645.13,8386.69,Valencia,Comunitat Valenciana,Efectivo,
10584,2023-06-20 01:00,494,Smart XL 0493,Libreria,4,192.46,769.84,Valencia,Comunitat Valenciana,PayPal,
10585,2023-06-20 08:00,187,Plus X 0186,Deporte,5,245.83,1229.15,Pamplona,Navarra,Bizum,
10586,2023-06-20 15:00,498,Ultra HD 0497,Alimentacion,5,68.87,344.35,Malaga,Andalucia,PayPal,30.0
10587,2023-06-20 22:00,442,Max M 0441,Alimentacion,4,283.5,1134.0,Malaga,Andalucia,Bizum,
10588,2023-06-21 05:00,130,Plus 2000 0129,Libreria,4,200.67,802.68,Zaragoza,Aragon,Efectivo,
10589,2023-06-21 12:00,292,Max HD 0291,Alimentacion,4,860.94,3443.76,Valencia,Comunitat Valenciana,Transferencia,
10590,2023-06-21 19:00,114,Max 4K 0113,Ropa,4,763.91,3055.64,Gijon,Asturias,Bizum,9.1
10591,2023-06-22 02:00,199,Ultra 4K 0198,Electronica,4,635.6,2542.4,Vigo,Galicia,Transferencia,8.7
10592,2023-06-22 09:00,13,Pro 4K 0012,Ropa,5,24.62,123.1,Malaga,Andalucia,Transferencia,16.4
10593,2023-06-22 16:00,271,Plus S 0270,Electronica,2,37.68,75.36,Bilbao,Pais Vasco,Bizum,
10594,2023-06-22 23:00,215,Smart XL 0214,Hogar,2,862.51,1725.02,Malaga,Andalucia,Efectivo,
10595,2023-06-23 06:00,444,Smart 2000 0443,Libreria,9,653.07,5877.63,Barcelona,Cataluna,Tarjeta,
10596,2023-06-23 13:00,512,Basic 3000 0511,Alimentacion,2,115.29,230.58,Zaragoza,Aragon,Transferencia,
10597,2023-06-23 20:00,447,Plus 3000 0446,Electronica,6,781.83,4690.98,Gijon,Asturias,Transferencia,
10598,2023-06-24 03:00,74,Smart 2000 0073,Libreria,2,643.79,1287.58,Murcia,Region de Murcia,Efectivo,
10599,2023-06-24 10:00,537,Plus Z 0536,Ropa,5,298.79,1493.95,Madrid,Comunidad de Madrid,Efectivo,
10600,2023-06-24 17:00,101,Pro X 0100,Ropa,4,649.84,2599.36,Sevilla,Andalucia,PayPal,8.4
10601,2023-06-25 00:00,176,Max M 0175,Ropa,12,65.14,781.68,Valladolid,Castilla y Leon,Efectivo,
10602,2023-06-25 07:00,427,Ultra Z 0426,Ropa,7,744.02,5208.14,Madrid,Comunidad de Madrid,Transferencia,
10603,2023-06-25 14:00,117,Plus 2000 0116,Electronica,7,580.05,4060.35,Gijon,Asturias,Bizum,
10604,2023-06-25 21:00,166,Smart M 0165,Electronica,13,517.66,6729.58,Madrid,Comunidad de Madrid,Tarjeta,
10605,2023-06-26 04:00,41,Mini 2000 0040,Alimentacion,6,434.82,2608.92,Cordoba,Andalucia,PayPal,
10606,2023-06-26 11:00,429,Smart Z 0428,Hogar,10,756.58,7565.8,Alicante,Comunitat Valenciana,Bizum,
10607,2023-06-26 18:00,344,Max Z 0343,Hogar,5,47.7,238.5,Gijon,Asturias,Tarjeta,
10608,2023-06-27 01:00,424,Smart XL 0423,Alimentacion,1,95.56,95.56,Gijon,Asturias,Tarjeta,21.8
10609,2023-06-27 08:00,366,Eco 3000 0365,Alimentacion,12,837.35,10048.2,Valladolid,Castilla y Leon,Tarjeta,
10610,2023-06-27 15:00,120,Smart XL 0119,Deporte,3,563.78,1691.34,Murcia,Region de Murcia,Bizum,12.6
10611,2023-06-27 22:00,229,Plus Z 0228,Electronica,9,899.41,8094.69,Malaga,Andalucia,PayPal,
10612,2023-06-28 05:00,130,Plus 2000 0129,Libreria,14,200.67,2809.38,Alicante,Comunitat Valenciana,PayPal,
10613,2023-06-28 12:00,352,Pro XL 0351,Ropa,1,466.4,466.4,Cordoba,Andalucia,Tarjeta,
10614,2023-06-28 19:00,318,Smart HD 0317,Alimentacion,5,474.42,2372.1,Vigo,Galicia,Bizum,
10615,2023-06-29 02:00,337,Pro S 0336,Alimentacion,2,298.82,597.64,Madrid,Comunidad de Madrid,Tarjeta,
10616,2023-06-29 09:00,273,Basic X 0272,Hogar,4,524.35,2097.4,Valladolid,Castilla y Leon,Efectivo,16.4
10617,2023-06-29 16:00,117,Plus 2000 0116,Electronica,14,580.05,8120.7,Gijon,Asturias,PayPal,
10618,2023-06-29 23:00,368,Plus L 0367,Alimentacion,14,630.29,8824.06,Vigo,Galicia,Transferencia,
10619,2023-06-30 06:00,94,Basic HD 0093,Alimentacion,11,179.71,1976.81,Barcelona,Cataluna,Tarjeta,
10620,2023-06-30 13:00,168,Eco M 0167,Libreria,1,366.32,366.32,Sevilla,Andalucia,Efectivo,
10621,2023-06-30 20:00,341,Smart 4K 0340,Deporte,3,230.36,691.08,Madrid,Comunidad de Madrid,PayPal,
10622,2023-07-01 03:00,152,Eco S 0151,Electronica,10,734.28,7342.8,Valencia,Comunitat Valenciana,Bizum,12.9
10623,2023-07-01 10:00,586,Basic 4K 0585,Ropa,7,65.93,461.51,Murcia,Region de Murcia,PayPal,
10624,2023-07-01 17:00,274,Pro M 0273,Hogar,10,247.42,2474.2,Murcia,Region de Murcia,Bizum,
10625,2023-07-02 00:00,554,Max L 0553,Ropa,3,757.04,2271.12,Murcia,Region de Murcia,Bizum,9.2
10626,2023-07-02 07:00,496,Eco X 0495,Ropa,4,699.11,2796.44,Zaragoza,Aragon,Tarjeta,
10627,2023-07-02 14:00,101,Pro X 0100,Ropa,2,649.84,1299.68,Zaragoza,Aragon,Tarjeta,
10628,2023-07-02 21:00,557,Mini S 0556,Ropa,3,376.64,1129.92,Bilbao,Pais Vasco,PayPal,21.1
10629,2023-07-03 04:00,82,Mini Z 0081,Electronica,9,71.64,644.76,Vigo,Galicia,Efectivo,14.9
10630,2023-07-03 11:00,529,Pro X 0528,Deporte,3,40.51,121.53,Granada,Andalucia,PayPal,6.9
10631,2023-07-03 18:00,73,Ultra M 0072,Deporte,11,267.45,2941.95,Sevilla,Andalucia,Transferencia,
10632,2023-07-04 01:00,14,Mini HD 0013,Electronica,5,587.62,2938.1,Cordoba,Andalucia,Bizum,22.2
10633,2023-07-04 08:00,433,Ultra M 0432,Alimentacion,2,781.77,1563.54,Pamplona,Navarra,Bizum,
10634,2023-07-04 15:00,157,Max Z 0156,Hogar,4,649.29,2597.16,Alicante,Comunitat Valenciana,Tarjeta,9.0
10635,2023-07-04 22:00,132,Pro 3000 0131,Alimentacion,12,702.65,8431.8,Alicante,Comunitat Valenciana,Efectivo,
10636,2023-07-05 05:00,338,Plus XL 0337,Ropa,13,838.69,10902.97,Alicante,Comunitat Valenciana,Tarjeta,
10637,2023-07-05 12:00,404,Ultra M 0403,Hogar,7,638.87,4472.09,Malaga,Andalucia,Transferencia,
10638,2023-07-05 19:00,376,Smart X 0375,Deporte,14,208.84,2923.76,Madrid,Comunidad de Madrid,PayPal,7.1
10639,2023-07-06 02:00,559,Pro Z 0558,Deporte,7,567.36,3971.52,Pamplona,Navarra,PayPal,
10640,2023-07-06 09:00,107,Pro X 0106,Alimentacion,12,850.18,10202.16,Granada,Andalucia,Efectivo,
10641,2023-07-06 16:00,265,Ultra X 0264,Libreria,3,348.02,1044.06,Malaga,Andalucia,Tarjeta,
10642,2023-07-06 23:00,205,Smart 4K 0204,Ropa,5,871.05,4355.25,Cordoba,Andalucia,Tarjeta,
10643,2023-07-07 06:00,79,Max S 0078,Alimentacion,1,689.75,689.75,Alicante,Comunitat Valenciana,Transferencia,
10644,2023-07-07 13:00,155,Eco HD 0154,Hogar,10,367.09,3670.9,Granada,Andalucia,PayPal,
10645,2023-07-07 20:00,247,Eco L 0246,Libreria,10,435.02,4350.2,Malaga,Andalucia,Tarjeta,9.2
10646,2023-07-08 03:00,531,Max S 0530,Alimentacion,10,396.98,3969.8,Barcelona,Cataluna,Efectivo,
10647,2023-07-08 10:00,538,Max 3000 0537,Alimentacion,11,425.27,4677.97,Pamplona,Navarra,PayPal,
10648,2023-07-08 17:00,154,Plus M 0153,Libreria,1,64.18,64.18,Zaragoza,Aragon,Transferencia,
10649,2023-07-09 00:00,154,Plus M 0153,Libreria,5,64.18,320.9,Cordoba,Andalucia,Efectivo,
10650,2023-07-09 07:00,92,Basic 2000 0091,Ropa,13,498.33,6478.29,Alicante,Comunitat Valenciana,Bizum,
10651,2023-07-09 14:00,433,Ultra M 0432,Alimentacion,10,781.77,7817.7,Valladolid,Castilla y Leon,Transferencia,
10652,2023-07-09 21:00,338,Plus XL 0337,Ropa,9,838.69,7548.21,Sevilla,Andalucia,Efectivo,20.4
10653,2023-07-10 04:00,480,Ultra XL 0479,Hogar,1,358.4,358.4,Valencia,Comunitat Valenciana,Tarjeta,
10654,2023-07-10 11:00,131,Plus HD 0130,Libreria,1,877.18,877.18,Barcelona,Cataluna,Bizum,
10655,2023-07-10 18:00,450,Eco M 0449,Libreria,4,426.48,1705.92,Zaragoza,Aragon,Transferencia,
10656,2023-07-11 01:00,273,Basic X 0272,Hogar,4,524.35,2097.4,Murcia,Region de Murcia,Tarjeta,18.6
10657,2023-07-11 08:00,588,Mini S 0587,Hogar,2,91.25,182.5,Zaragoza,Aragon,Bizum,
10658,2023-07-11 15:00,177,Plus M 0176,Ropa,9,754.01,6786.09,Granada,Andalucia,PayPal,
10659,2023-07-11 22:00,49,Pro 2000 0048,Hogar,14,34.35,480.9,Gijon,Asturias,Tarjeta,
10660,2023-07-12 05:00,567,Pro 2000 0566,Libreria,9,358.37,3225.33,Bilbao,Pais Vasco,Efectivo,
10661,2023-07-12 12:00,355,Eco XL 0354,Alimentacion,13,597.24,7764.12,Barcelona,Cataluna,Transferencia,
10662,2023-07-12 19:00,308,Pro S 0307,Ropa,13,46.05,598.65,Murcia,Region de Murcia,Bizum,
10663,2023-07-13 02:00,46,Eco 4K 0045,Libreria,2,226.4,452.8,Granada,Andalucia,Tarjeta,
10664,2023-07-13 09:00,302,Smart 2000 0301,Electronica,14,62.22,871.08,Gijon,Asturias,PayPal,
10665,2023-07-13 16:00,408,Basic S 0407,Deporte,9,767.75,6909.75,Cordoba,Andalucia,Transferencia,
10666,2023-07-13 23:00,189,Eco 2000 0188,Ropa,6,149.15,894.9,Sevilla,Andalucia,Transferencia,
10667,2023-07-14 06:00,129,Basic M 0128,Ropa,8,775.51,6204.08,Zaragoza,Aragon,Tarjeta,
10668,2023-07-14 13:00,561,Smart 3000 0560,Alimentacion,10,691.87,6918.7,Pamplona,Navarra,PayPal,
10669,2023-07-14 20:00,537,Plus Z 0536,Ropa,13,298.79,3884.27,Valladolid,Castilla y Leon,Bizum,21.1
10670,2023-07-15 03:00,266,Eco L 0265,Deporte,13,839.59,10914.67,Cordoba,Andalucia,Tarjeta,11.9
10671,2023-07-15 10:00,118,Basic 3000 0117,Libreria,4,634.73,2538.92,Murcia,Region de Murcia,Bizum,10.4
10672,2023-07-15 17:00,464,Smart HD 0463,Electronica,2,418.03,836.06,Granada,Andalucia,Transferencia,11.4
10673,2023-07-16 00:00,144,Max 2000 0143,Hogar,2,581.96,1163.92,Alicante,Comunitat Valenciana,Bizum,
10674,2023-07-16 07:00,442,Max M 0441,Alimentacion,9,283.5,2551.5,Bilbao,Pais Vasco,PayPal,
10675,2023-07-16 14:00,200,Pro 3000 0199,Alimentacion,1,540.05,540.05,Alicante,Comunitat Valenciana,Efectivo,
10676,2023-07-16 21:00,157,Max Z 0156,Hogar,12,649.29,7791.48,Zaragoza,Aragon,PayPal,
10677,2023-07-17 04:00,487,Mini 4K 0486,Electronica,7,652.95,4570.65,Valladolid,Castilla y Leon,Bizum,
10678,2023-07-17 11:00,134,Ultra 3000 0133,Electronica,11,510.93,5620.23,Sevilla,Andalucia,Tarjeta,
10679,2023-07-17 18:00,148,Plus 3000 0147,Libreria,14,623.32,8726.48,Bilbao,Pais Vasco,Transferencia,
10680,2023-07-18 01:00,336,Pro 2000 0335,Ropa,3,35.73,107.19,Malaga,Andalucia,Efectivo,
10681,2023-07-18 08:00,71,Basic HD 0070,Libreria,3,753.55,2260.65,Granada,Andalucia,Tarjeta,
10682,2023-07-18 15:00,233,Smart M 0232,Libreria,2,111.98,223.96,Cordoba,Andalucia,Tarjeta,23.2
10683,2023-07-18 22:00,334,Eco X 0333,Ropa,14,43.75,612.5,Valladolid,Castilla y Leon,PayPal,29.1
10684,2023-07-19 05:00,90,Basic HD 0089,Deporte,10,780.82,7808.2,Vigo,Galicia,Bizum,
10685,2023-07-19 12:00,334,Eco X 0333,Ropa,6,43.75,262.5,Zaragoza,Aragon,PayPal,10.7
10686,2023-07-19 19:00,199,Ultra 4K 0198,Electronica,13,635.6,8262.8,Gijon,Asturias,Bizum,
10687,2023-07-20 02:00,161,Plus X 0160,Hogar,10,242.77,2427.7,Zaragoza,Aragon,PayPal,
10688,2023-07-20 09:00,538,Max 3000 0537,Alimentacion,2,425.27,850.54,Murcia,Region de Murcia,Tarjeta,
10689,2023-07-20 16:00,121,Eco L 0120,Electronica,10,304.93,3049.3,Valladolid,Castilla y Leon,Transferencia,21.8
10690,2023-07-20 23:00,301,Plus X 0300,Ropa,4,670.03,2680.12,Sevilla,Andalucia,Bizum,
10691,2023-07-21 06:00,575,Eco S 0574,Libreria,10,347.92,3479.2,Valencia,Comunitat Valenciana,Efectivo,
10692,2023-07-21 13:00,436,Ultra 3000 0435,Electronica,9,659.21,5932.89,Gijon,Asturias,Efectivo,
10693,2023-07-21 20:00,68,Pro L 0067,Ropa,9,423.53,3811.77,Malaga,Andalucia,Tarjeta,10.3
10694,2023-07-22 03:00,459,Pro 4K 0458,Electronica,6,717.92,4307.52,Bilbao,Pais Vasco,PayPal,12.3
10695,2023-07-22 10:00,514,Eco XL 0513,Hogar,13,536.91,6979.83,Barcelona,Cataluna,PayPal,24.7
10696,2023-07-22 17:00,398,Mini X 0397,Hogar,4,710.76,2843.04,Barcelona,Cataluna,Tarjeta,9.0
10697,2023-07-23 00:00,286,Mini Z 0285,Alimentacion,7,252.42,1766.94,Valladolid,Castilla y Leon,Efectivo,
10698,2023-07-23 07:00,561,Smart 3000 0560,Alimentacion,14,691.87,9686.18,Zaragoza,Aragon,Efectivo,14.8
10699,2023-07-23 14:00,140,Eco HD 0139,Deporte,1,668.54,668.54,Murcia,Region de Murcia,PayPal,
10700,2023-07-23 21:00,556,Basic 4K 0555,Ropa,12,864.85,10378.2,Madrid,Comunidad de Madrid,Bizum,
10701,2023-07-24 04:00,590,Plus 3000 0589,Alimentacion,4,535.24,2140.96,Pamplona,Navarra,Transferencia,25.7
10702,2023-07-24 11:00,282,Smart X 0281,Electronica,5,270.1,1350.5,Valladolid,Castilla y Leon,Bizum,
10703,2023-07-24 18:00,578,Basic S 0577,Ropa,8,215.26,1722.08,Zaragoza,Aragon,Efectivo,
10704,2023-07-25 01:00,457,Max XL 0456,Deporte,12,479.19,5750.28,Alicante,Comunitat Valenciana,Bizum,
10705,2023-07-25 08:00,87,Smart HD 0086,Ropa,2,721.46,1442.92,Barcelona,Cataluna,Transferencia,
10706,2023-07-25 15:00,79,Max S 0078,Alimentacion,12,689.75,8277.0,Barcelona,Cataluna,Bizum,
10707,2023-07-25 22:00,205,Smart 4K 0204,Ropa,5,871.05,4355.25,Malaga,Andalucia,Bizum,
10708,2023-07-26 05:00,337,Pro S 0336,Alimentacion,6,298.82,1792.92,Cordoba,Andalucia,Bizum,
10709,2023-07-26 12:00,254,Mini S 0253,Hogar,5,486.4,2432.0,Madrid,Comunidad de Madrid,Bizum,
10710,2023-07-26 19:00,304,Pro X 0303,Alimentacion,13,754.68,9810.84,Zaragoza,Aragon,Tarjeta,
10711,2023-07-27 02:00,380,Max XL 0379,Alimentacion,9,681.94,6137.46,Gijon,Asturias,Efectivo,
10712,2023-07-27 09:00,130,Plus 2000 0129,Libreria,10,200.67,2006.7,Malaga,Andalucia,Transferencia,
10713,2023-07-27 16:00,596,Plus 4K 0595,Libreria,1,361.54,361.54,Gijon,Asturias,Efectivo,
10714,2023-07-27 23:00,276,Plus M 0275,Deporte,14,86.15,1206.1,Murcia,Region de Murcia,Tarjeta,
10715,2023-07-28 06:00,558,Pro 4K 0557,Deporte,3,762.23,2286.69,Malaga,Andalucia,Tarjeta,11.2
10716,2023-07-28 13:00,183,Max 3000 0182,Libreria,14,359.39,5031.46,Zaragoza,Aragon,Tarjeta,
10717,2023-07-28 20:00,268,Eco 3000 0267,Hogar,2,12.49,24.98,Granada,Andalucia,Tarjeta,
10718,2023-07-29 03:00,322,Max M 0321,Alimentacion,12,896.71,10760.52,Vigo,Galicia,Bizum,
10719,2023-07-29 10:00,512,Basic 3000 0511,Alimentacion,13,115.29,1498.77,Valencia,Comunitat Valenciana,Efectivo,
10720,2023-07-29 17:00,78,Smart 2000 0077,Alimentacion,3,449.31,1347.93,Valladolid,Castilla y Leon,PayPal,
10721,2023-07-30 00:00,339,Plus M 0338,Hogar,10,662.74,6627.4,Zaragoza,Aragon,Transferencia,
10722,2023-07-30 07:00,556,Basic 4K 0555,Ropa,9,864.85,7783.65,Sevilla,Andalucia,Tarjeta,12.8
10723,2023-07-30 14:00,509,Mini 3000 0508,Electronica,13,40.89,531.57,Barcelona,Cataluna,Efectivo,
10724,2023-07-30 21:00,238,Smart HD 0237,Ropa,14,716.62,10032.68,Madrid,Comunidad de Madrid,Tarjeta,
10725,2023-07-31 04:00,134,Ultra 3000 0133,Electronica,9,510.93,4598.37,Alicante,Comunitat Valenciana,Tarjeta,
10726,2023-07-31 11:00,192,Pro 4K 0191,Deporte,10,859.88,8598.8,Alicante,Comunitat Valenciana,Tarjeta,
10727,2023-07-31 18:00,356,Max L 0355,Alimentacion,2,491.22,982.44,Gijon,Asturias,Tarjeta,
10728,2023-08-01 01:00,278,Eco 4K 0277,Ropa,14,472.17,6610.38,Madrid,Comunidad de Madrid,Tarjeta,
10729,2023-08-01 08:00,18,Plus HD 0017,Libreria,3,73.27,219.81,Valladolid,Castilla y Leon,Transferencia,
10730,2023-08-01 15:00,524,Max L 0523,Alimentacion,14,596.08,8345.12,Cordoba,Andalucia,Efectivo,
10731,2023-08-01 22:00,180,Plus L 0179,Alimentacion,4,650.48,2601.92,Valencia,Comunitat Valenciana,Tarjeta,8.9
10732,2023-08-02 05:00,123,Mini XL 0122,Deporte,9,329.29,2963.61,Sevilla,Andalucia,Tarjeta,
10733,2023-08-02 12:00,246,Pro 2000 0245,Hogar,3,506.36,1519.08,Barcelona,Cataluna,Tarjeta,
10734,2023-08-02 19:00,373,Plus L 0372,Electronica,13,791.64,10291.32,Vigo,Galicia,Tarjeta,
10735,2023-08-03 02:00,51,Pro 3000 0050,Deporte,7,703.31,4923.17,Alicante,Comunitat Valenciana,Bizum,5.4
10736,2023-08-03 09:00,71,Basic HD 0070,Libreria,12,753.55,9042.6,Valladolid,Castilla y Leon,Bizum,
10737,2023-08-03 16:00,480,Ultra XL 0479,Hogar,3,358.4,1075.2,Valladolid,Castilla y Leon,PayPal,
10738,2023-08-03 23:00,560,Eco 3000 0559,Deporte,7,662.86,4640.02,Gijon,Asturias,Tarjeta,
10739,2023-08-04 06:00,19,Basic L 0018,Alimentacion,7,97.4,681.8,Valladolid,Castilla y Leon,PayPal,
10740,2023-08-04 13:00,84,Max XL 0083,Electronica,9,247.97,2231.73,Madrid,Comunidad de Madrid,Transferencia,
10741,2023-08-04 20:00,155,Eco HD 0154,Hogar,2,367.09,734.18,Sevilla,Andalucia,PayPal,
10742,2023-08-05 03:00,565,Smart X 0564,Deporte,13,530.89,6901.57,Pamplona,Navarra,Efectivo,
10743,2023-08-05 10:00,357,Plus M 0356,Electronica,6,778.58,4671.48,Malaga,Andalucia,Bizum,
10744,2023-08-05 17:00,443,Smart HD 0442,Electronica,9,291.38,2622.42,Cordoba,Andalucia,Bizum,
10745,2023-08-06 00:00,69,Ultra 2000 0068,Hogar,12,563.97,6767.64,Valladolid,Castilla y Leon,Tarjeta,
10746,2023-08-06 07:00,523,Ultra M 0522,Hogar,12,438.01,5256.12,Zaragoza,Aragon,Tarjeta,22.7
10747,2023-08-06 14:00,143,Eco L 0142,Alimentacion,2,199.34,398.68,Zaragoza,Aragon,Transferencia,8.8
10748,2023-08-06 21:00,192,Pro 4K 0191,Deporte,2,859.88,1719.76,Valladolid,Castilla y Leon,Transferencia,
10749,2023-08-07 04:00,387,Smart 3000 0386,Libreria,13,341.51,4439.63,Granada,Andalucia,Efectivo,
10750,2023-08-07 11:00,378,Max S 0377,Ropa,14,4.99,69.86,Gijon,Asturias,Tarjeta,
10751,2023-08-07 18:00,581,Max L 0580,Ropa,5,543.25,2716.25,Pamplona,Navarra,Tarjeta,
10752,2023-08-08 01:00,535,Ultra L 0534,Alimentacion,10,433.42,4334.2,Barcelona,Cataluna,Transferencia,
10753,2023-08-08 08:00,293,Plus 4K 0292,Libreria,10,718.99,7189.9,Sevilla,Andalucia,Transferencia,
10754,2023-08-08 15:00,9,Basic XL 0008,Hogar,12,535.28,6423.36,Bilbao,Pais Vasco,Transferencia,
10755,2023-08-08 22:00,271,Plus S 0270,Electronica,10,37.68,376.8,Madrid,Comunidad de Madrid,Bizum,
10756,2023-08-09 05:00,387,Smart 3000 0386,Libreria,8,341.51,2732.08,Murcia,Region de Murcia,PayPal,
10757,2023-08-09 12:00,93,Mini 3000 0092,Hogar,11,231.47,2546.17,Murcia,Region de Murcia,PayPal,
10758,2023-08-09 19:00,529,Pro X 0528,Deporte,9,40.51,364.59,Zaragoza,Aragon,Tarjeta,
10759,2023-08-10 02:00,154,Plus M 0153,Libreria,2,64.18,128.36,Alicante,Comunitat Valenciana,Bizum,
10760,2023-08-10 09:00,405,Pro L 0404,Deporte,5,428.31,2141.55,Bilbao,Pais Vasco,Transferencia,11.1
10761,2023-08-10 16:00,149,Mini 3000 0148,Deporte,14,616.12,8625.68,Murcia,Region de Murcia,Tarjeta,8.8
10762,2023-08-10 23:00,267,Max S 0266,Deporte,7,66.74,467.18,Valencia,Comunitat Valenciana,Bizum,
10763,2023-08-11 06:00,422,Max Z 0421,Libreria,6,423.8,2542.8,Valencia,Comunitat Valenciana,Efectivo,
10764,2023-08-11 13:00,472,Mini 4K 0471,Libreria,6,587.75,3526.5,Barcelona,Cataluna,Bizum,
10765,2023-08-11 20:00,547,Eco HD 0546,Alimentacion,7,490.05,3430.35,Bilbao,Pais Vasco,Tarjeta,
10766,2023-08-12 03:00,526,Mini S 0525,Libreria,3,539.33,1617.99,Valencia,Comunitat Valenciana,PayPal,
10767,2023-08-12 10:00,503,Basic XL 0502,Deporte,13,324.58,4219.54,Valencia,Comunitat Valenciana,Transferencia,
10768,2023-08-12 17:00,14,Mini HD 0013,Electronica,3,587.62,1762.86,Pamplona,Navarra,Efectivo,
10769,2023-08-13 00:00,364,Eco 2000 0363,Deporte,10,303.26,3032.6,Zaragoza,Aragon,Bizum,
10770,2023-08-13 07:00,119,Basic X 0118,Deporte,9,819.91,7379.19,Murcia,Region de Murcia,Tarjeta,9.1
10771,2023-08-13 14:00,238,Smart HD 0237,Ropa,14,716.62,10032.68,Barcelona,Cataluna,Tarjeta,
10772,2023-08-13 21:00,546,Mini L 0545,Ropa,8,301.74,2413.92,Sevilla,Andalucia,Transferencia,
10773,2023-08-14 04:00,169,Mini 2000 0168,Deporte,5,694.73,3473.65,Valladolid,Castilla y Leon,Tarjeta,
10774,2023-08-14 11:00,522,Ultra 3000 0521,Electronica,6,552.57,3315.42,Malaga,Andalucia,Tarjeta,
10775,2023-08-14 18:00,516,Plus S 0515,Alimentacion,11,553.19,6085.09,Madrid,Comunidad de Madrid,Transferencia,
10776,2023-08-15 01:00,397,Max 2000 0396,Libreria,12,679.3,8151.6,Madrid,Comunidad de Madrid,Efectivo,
10777,2023-08-15 08:00,106,Pro 3000 0105,Electronica,10,866.52,8665.2,Alicante,Comunitat Valenciana,PayPal,
10778,2023-08-15 15:00,85,Plus S 0084,Ropa,1,808.09,808.09,Vigo,Galicia,PayPal,
10779,2023-08-15 22:00,214,Ultra 2000 0213,Deporte,10,81.68,816.8,Cordoba,Andalucia,Bizum,
10780,2023-08-16 05:00,121,Eco L 0120,Electronica,12,304.93,3659.16,Malaga,Andalucia,Efectivo,10.8
10781,2023-08-16 12:00,132,Pro 3000 0131,Alimentacion,1,702.65,702.65,Gijon,Asturias,Bizum,
10782,2023-08-16 19:00,197,Smart Z 0196,Deporte,4,318.97,1275.88,Malaga,Andalucia,PayPal,28.9
10783,2023-08-17 02:00,19,Basic L 0018,Alimentacion,2,97.4,194.8,Madrid,Comunidad de Madrid,Transferencia,
10784,2023-08-17 09:00,12,Ultra L 0011,Deporte,11,711.91,7831.01,Madrid,Comunidad de Madrid,Tarjeta,22.2
10785,2023-08-17 16:00,81,Basic M 0080,Electronica,7,303.58,2125.06,Sevilla,Andalucia,PayPal,
10786,2023-08-17 23:00,330,Ultra 4K 0329,Hogar,2,413.85,827.7,Bilbao,Pais Vasco,Efectivo,
10787,2023-08-18 06:00,392,Ultra HD 0391,Hogar,10,20.5,205.0,Bilbao,Pais Vasco,PayPal,
10788,2023-08-18 13:00,307,Mini M 0306,Hogar,2,111.81,223.62,Sevilla,Andalucia,Efectivo,
10789,2023-08-18 20:00,267,Max S 0266,Deporte,5,66.74,333.7,Murcia,Region de Murcia,Efectivo,
10790,2023-08-19 03:00,447,Plus 3000 0446,Electronica,4,781.83,3127.32,Malaga,Andalucia,Efectivo,
10791,2023-08-19 10:00,441,Max Z 0440,Electronica,8,400.29,3202.32,Granada,Andalucia,Bizum,
10792,2023-08-19 17:00,2,Max 3000 0001,Libreria,4,261.97,1047.88,Malaga,Andalucia,Transferencia,24.8
10793,2023-08-20 00:00,520,Mini M 0519,Hogar,14,564.26,7899.64,Pamplona,Navarra,PayPal,
10794,2023-08-20 07:00,309,Plus HD 0308,Alimentacion,12,348.14,4177.68,Cordoba,Andalucia,Transferencia,21.7
10795,2023-08-20 14:00,522,Ultra 3000 0521,Electronica,6,552.57,3315.42,Madrid,Comunidad de Madrid,Tarjeta,
10796,2023-08-20 21:00,469,Pro M 0468,Libreria,5,504.33,2521.65,Vigo,Galicia,PayPal,
10797,2023-08-21 04:00,212,Eco M 0211,Libreria,11,622.73,6850.03,Gijon,Asturias,Transferencia,
10798,2023-08-21 11:00,112,Pro M 0111,Electronica,14,571.37,7999.18,Malaga,Andalucia,Transferencia,
10799,2023-08-21 18:00,8,Eco 3000 0007,Electronica,2,654.57,1309.14,Madrid,Comunidad de Madrid,Tarjeta,
10800,2023-08-22 01:00,477,Basic 2000 0476,Deporte,11,138.01,1518.11,Malaga,Andalucia,Efectivo,
10801,2023-08-22 08:00,460,Mini Z 0459,Electronica,13,267.56,3478.28,Cordoba,Andalucia,PayPal,
10802,2023-08-22 15:00,253,Smart X 0252,Hogar,12,724.35,8692.2,Murcia,Region de Murcia,PayPal,
10803,2023-08-22 22:00,526,Mini S 0525,Libreria,14,539.33,7550.62,Valladolid,Castilla y Leon,Tarjeta,
10804,2023-08-23 05:00,438,Pro S 0437,Deporte,8,772.18,6177.44,Granada,Andalucia,Efectivo,
10805,2023-08-23 12:00,236,Max 4K 0235,Hogar,2,107.28,214.56,Alicante,Comunitat Valenciana,PayPal,
10806,2023-08-23 19:00,306,Eco HD 0305,Libreria,9,748.25,6734.25,Valencia,Comunitat Valenciana,PayPal,
10807,2023-08-24 02:00,478,Basic 2000 0477,Electronica,9,420.27,3782.43,Pamplona,Navarra,PayPal,
10808,2023-08-24 09:00,20,Basic 2000 0019,Alimentacion,3,757.02,2271.06,Sevilla,Andalucia,Efectivo,
10809,2023-08-24 16:00,216,Basic HD 0215,Deporte,4,683.51,2734.04,Sevilla,Andalucia,Tarjeta,
10810,2023-08-24 23:00,135,Pro HD 0134,Deporte,8,886.88,7095.04,Alicante,Comunitat Valenciana,PayPal,
10811,2023-08-25 06:00,129,Basic M 0128,Ropa,9,775.51,6979.59,Granada,Andalucia,Transferencia,
10812,2023-08-25 13:00,410,Pro 3000 0409,Deporte,3,609.73,1829.19,Vigo,Galicia,Efectivo,
10813,2023-08-25 20:00,422,Max Z 0421,Libreria,5,423.8,2119.0,Malaga,Andalucia,Bizum,
10814,2023-08-26 03:00,294,Max HD 0293,Ropa,11,236.04,2596.44,Valencia,Comunitat Valenciana,Tarjeta,
10815,2023-08-26 10:00,246,Pro 2000 0245,Hogar,8,506.36,4050.88,Cordoba,Andalucia,Transferencia,
10816,2023-08-26 17:00,556,Basic 4K 0555,Ropa,3,864.85,2594.55,Bilbao,Pais Vasco,PayPal,
10817,2023-08-27 00:00,86,Mini 4K 0085,Deporte,7,475.8,3330.6,Malaga,Andalucia,Bizum,
10818,2023-08-27 07:00,556,Basic 4K 0555,Ropa,11,864.85,9513.35,Murcia,Region de Murcia,Tarjeta,6.4
10819,2023-08-27 14:00,375,Eco XL 0374,Libreria,8,738.66,5909.28,Madrid,Comunidad de Madrid,Efectivo,
10820,2023-08-27 21:00,446,Eco 3000 0445,Electronica,10,183.51,1835.1,Alicante,Comunitat Valenciana,Bizum,
10821,2023-08-28 04:00,378,Max S 0377,Ropa,11,4.99,54.89,Barcelona,Cataluna,Bizum,
10822,2023-08-28 11:00,390,Eco X 0389,Alimentacion,14,119.08,1667.12,Malaga,Andalucia,Transferencia,19.4
10823,2023-08-28 18:00,51,Pro 3000 0050,Deporte,3,703.31,2109.93,Valladolid,Castilla y Leon,Tarjeta,17.9
10824,2023-08-29 01:00,242,Smart Z 0241,Deporte,2,472.09,944.18,Pamplona,Navarra,Transferencia,22.1
10825,2023-08-29 08:00,294,Max HD 0293,Ropa,10,236.04,2360.4,Vigo,Galicia,Transferencia,21.2
10826,2023-08-29 15:00,563,Max XL 0562,Hogar,13,490.79,6380.27,Gijon,Asturias,PayPal,
10827,2023-08-29 22:00,266,Eco L 0265,Deporte,7,839.59,5877.13,Vigo,Galicia,Efectivo,
10828,2023-08-30 05:00,120,Smart XL 0119,Deporte,12,563.78,6765.36,Pamplona,Navarra,Bizum,
10829,2023-08-30 12:00,248,Mini 2000 0247,Alimentacion,9,796.95,7172.55,Barcelona,Cataluna,Tarjeta,
10830,2023-08-30 19:00,70,Smart 2000 0069,Alimentacion,1,342.43,342.43,Malaga,Andalucia,Efectivo,
10831,2023-08-31 02:00,57,Ultra HD 0056,Alimentacion,3,415.24,1245.72,Pamplona,Navarra,Efectivo,16.9
10832,2023-08-31 09:00,382,Eco L 0381,Electronica,5,177.04,885.2,Granada,Andalucia,Tarjeta,
10833,2023-08-31 16:00,39,Ultra S 0038,Libreria,3,830.96,2492.88,Valladolid,Castilla y Leon,Efectivo,
10834,2023-08-31 23:00,443,Smart HD 0442,Electronica,1,291.38,291.38,Barcelona,Cataluna,PayPal,6.9
10835,2023-09-01 06:00,18,Plus HD 0017,Libreria,7,73.27,512.89,Malaga,Andalucia,Efectivo,
10836,2023-09-01 13:00,352,Pro XL 0351,Ropa,7,466.4,3264.8,Sevilla,Andalucia,PayPal,
10837,2023-09-01 20:00,298,Ultra X 0297,Ropa,10,542.31,5423.1,Valladolid,Castilla y Leon,Bizum,29.1
10838,2023-09-02 03:00,283,Ultra 3000 0282,Libreria,12,768.12,9217.44,Vigo,Galicia,Bizum,16.6
10839,2023-09-02 10:00,586,Basic 4K 0585,Ropa,8,65.93,527.44,Barcelona,Cataluna,Transferencia,
10840,2023-09-02 17:00,110,Smart L 0109,Hogar,5,294.29,1471.45,Vigo,Galicia,PayPal,11.4
10841,2023-09-03 00:00,180,Plus L 0179,Alimentacion,10,650.48,6504.8,Malaga,Andalucia,Bizum,
10842,2023-09-03 07:00,544,Basic X 0543,Electronica,12,22.68,272.16,Vigo,Galicia,Efectivo,11.9
10843,2023-09-03 14:00,25,Ultra HD 0024,Ropa,5,170.93,854.65,Bilbao,Pais Vasco,Tarjeta,
10844,2023-09-03 21:00,57,Ultra HD 0056,Alimentacion,5,415.24,2076.2,Madrid,Comunidad de Madrid,Tarjeta,
10845,2023-09-04 04:00,180,Plus L 0179,Alimentacion,1,650.48,650.48,Bilbao,Pais Vasco,PayPal,
10846,2023-09-04 11:00,232,Pro 3000 0231,Electronica,10,284.31,2843.1,Alicante,Comunitat Valenciana,Transferencia,
10847,2023-09-04 18:00,343,Smart M 0342,Ropa,5,627.35,3136.75,Alicante,Comunitat Valenciana,Efectivo,
10848,2023-09-05 01:00,477,Basic 2000 0476,Deporte,6,138.01,828.06,Valencia,Comunitat Valenciana,PayPal,
10849,2023-09-05 08:00,576,Smart X 0575,Ropa,13,421.36,5477.68,Malaga,Andalucia,Tarjeta,
10850,2023-09-05 15:00,455,Ultra 4K 0454,Libreria,12,141.67,1700.04,Zaragoza,Aragon,PayPal,7.9
10851,2023-09-05 22:00,232,Pro 3000 0231,Electronica,1,284.31,284.31,Murcia,Region de Murcia,Efectivo,15.0
10852,2023-09-06 05:00,289,Ultra L 0288,Deporte,11,102.07,1122.77,Vigo,Galicia,Bizum,
10853,2023-09-06 12:00,213,Smart Z 0212,Ropa,7,471.08,3297.56,Bilbao,Pais Vasco,Efectivo,
10854,2023-09-06 19:00,258,Pro L 0257,Ropa,1,386.42,386.42,Barcelona,Cataluna,Bizum,
10855,2023-09-07 02:00,530,Ultra XL 0529,Libreria,11,150.93,1660.23,Granada,Andalucia,Bizum,
10856,2023-09-07 09:00,229,Plus Z 0228,Electronica,2,899.41,1798.82,Gijon,Asturias,Bizum,
10857,2023-09-07 16:00,226,Mini S 0225,Deporte,2,604.24,1208.48,Valladolid,Castilla y Leon,PayPal,
10858,2023-09-07 23:00,596,Plus 4K 0595,Libreria,5,361.54,1807.7,Murcia,Region de Murcia,Tarjeta,
10859,2023-09-08 06:00,435,Max S 0434,Libreria,14,32.04,448.56,Zaragoza,Aragon,PayPal,28.5
10860,2023-09-08 13:00,402,Max L 0401,Alimentacion,10,153.06,1530.6,Vigo,Galicia,Tarjeta,
10861,2023-09-08 20:00,88,Smart X 0087,Electronica,13,881.11,11454.43,Cordoba,Andalucia,Efectivo,
10862,2023-09-09 03:00,584,Mini Z 0583,Hogar,7,463.29,3243.03,Malaga,Andalucia,Transferencia,
10863,2023-09-09 10:00,542,Pro 3000 0541,Libreria,1,43.11,43.11,Granada,Andalucia,Efectivo,
10864,2023-09-09 17:00,309,Plus HD 0308,Alimentacion,10,348.14,3481.4,Malaga,Andalucia,PayPal,
10865,2023-09-10 00:00,343,Smart M 0342,Ropa,1,627.35,627.35,Valencia,Comunitat Valenciana,PayPal,
10866,2023-09-10 07:00,436,Ultra 3000 0435,Electronica,1,659.21,659.21,Zaragoza,Aragon,Tarjeta,8.7
10867,2023-09-10 14:00,177,Plus M 0176,Ropa,6,754.01,4524.06,Valladolid,Castilla y Leon,PayPal,17.0
10868,2023-09-10 21:00,139,Plus 4K 0138,Alimentacion,2,463.15,926.3,Vigo,Galicia,Bizum,
10869,2023-09-11 04:00,194,Ultra M 0193,Hogar,1,562.5,562.5,Valladolid,Castilla y Leon,PayPal,
10870,2023-09-11 11:00,186,Smart M 0185,Electronica,6,437.43,2624.58,Malaga,Andalucia,Tarjeta,
10871,2023-09-11 18:00,218,Ultra 4K 0217,Deporte,14,684.09,9577.26,Barcelona,Cataluna,Tarjeta,
10872,2023-09-12 01:00,164,Eco S 0163,Libreria,2,571.25,1142.5,Valencia,Comunitat Valenciana,Bizum,24.8
10873,2023-09-12 08:00,161,Plus X 0160,Hogar,6,242.77,1456.62,Sevilla,Andalucia,Tarjeta,
10874,2023-09-12 15:00,525,Mini 4K 0524,Deporte,10,499.48,4994.8,Cordoba,Andalucia,Transferencia,
10875,2023-09-12 22:00,42,Plus HD 0041,Deporte,8,826.93,6615.44,Zaragoza,Aragon,Efectivo,
10876,2023-09-13 05:00,210,Plus S 0209,Deporte,2,866.03,1732.06,Madrid,Comunidad de Madrid,PayPal,11.5
10877,2023-09-13 12:00,275,Basic L 0274,Electronica,11,360.86,3969.46,Granada,Andalucia,Transferencia,
10878,2023-09-13 19:00,279,Basic Z 0278,Hogar,9,660.11,5940.99,Bilbao,Pais Vasco,PayPal,
10879,2023-09-14 02:00,251,Max XL 0250,Ropa,8,366.41,2931.28,Vigo,Galicia,Transferencia,
10880,2023-09-14 09:00,310,Basic HD 0309,Hogar,12,36.9,442.8,Alicante,Comunitat Valenciana,PayPal,
10881,2023-09-14 16:00,140,Eco HD 0139,Deporte,10,668.54,6685.4,Gijon,Asturias,Bizum,
10882,2023-09-14 23:00,546,Mini L 0545,Ropa,1,301.74,301.74,Malaga,Andalucia,Tarjeta,
10883,2023-09-15 06:00,530,Ultra XL 0529,Libreria,7,150.93,1056.51,Granada,Andalucia,Tarjeta,11.7
10884,2023-09-15 13:00,57,Ultra HD 0056,Alimentacion,14,415.24,5813.36,Granada,Andalucia,Bizum,
10885,2023-09-15 20:00,112,Pro M 0111,Electronica,13,571.37,7427.81,Madrid,Comunidad de Madrid,Transferencia,
10886,2023-09-16 03:00,5,Basic 2000 0004,Hogar,10,128.64,1286.4,Pamplona,Navarra,Efectivo,
10887,2023-09-16 10:00,410,Pro 3000 0409,Deporte,6,609.73,3658.38,Madrid,Comunidad de Madrid,Transferencia,15.7
10888,2023-09-16 17:00,414,Ultra Z 0413,Deporte,14,347.71,4867.94,Valencia,Comunitat Valenciana,Tarjeta,23.2
10889,2023-09-17 00:00,182,Plus HD 0181,Electronica,6,854.57,5127.42,Zaragoza,Aragon,Efectivo,
10890,2023-09-17 07:00,13,Pro 4K 0012,Ropa,6,24.62,147.72,Barcelona,Cataluna,PayPal,
10891,2023-09-17 14:00,339,Plus M 0338,Hogar,6,662.74,3976.44,Cordoba,Andalucia,Efectivo,
10892,2023-09-17 21:00,259,Smart 4K 0258,Deporte,10,789.48,7894.8,Alicante,Comunitat Valenciana,Transferencia,
10893,2023-09-18 04:00,90,Basic HD 0089,Deporte,7,780.82,5465.74,Valladolid,Castilla y Leon,Bizum,
10894,2023-09-18 11:00,250,Eco M 0249,Hogar,12,399.15,4789.8,Madrid,Comunidad de Madrid,PayPal,16.4
10895,2023-09-18 18:00,255,Max 4K 0254,Hogar,3,596.83,1790.49,Madrid,Comunidad de Madrid,Transferencia,
10896,2023-09-19 01:00,588,Mini S 0587,Hogar,14,91.25,1277.5,Vigo,Galicia,PayPal,
10897,2023-09-19 08:00,108,Ultra Z 0107,Alimentacion,6,130.4,782.4,Bilbao,Pais Vasco,Efectivo,
10898,2023-09-19 15:00,594,Basic M 0593,Hogar,3,588.29,1764.87,Sevilla,Andalucia,Tarjeta,
10899,2023-09-19 22:00,589,Max 3000 0588,Electronica,7,366.89,2568.23,Madrid,Comunidad de Madrid,Transferencia,
10900,2023-09-20 05:00,485,Smart HD 0484,Ropa,7,857.56,6002.92,Sevilla,Andalucia,Bizum,
10901,2023-09-20 12:00,258,Pro L 0257,Ropa,8,386.42,3091.36,Valencia,Comunitat Valenciana,Efectivo,28.3
10902,2023-09-20 19:00,282,Smart X 0281,Electronica,2,270.1,540.2,Barcelona,Cataluna,Transferencia,
10903,2023-09-21 02:00,88,Smart X 0087,Electronica,9,881.11,7929.99,Granada,Andalucia,Bizum,
10904,2023-09-21 09:00,204,Max 4K 0203,Libreria,13,6.09,79.17,Gijon,Asturias,Transferencia,
10905,2023-09-21 16:00,16,Eco M 0015,Deporte,5,339.48,1697.4,Pamplona,Navarra,Efectivo,24.5
10906,2023-09-21 23:00,151,Plus X 0150,Libreria,9,478.57,4307.13,Valladolid,Castilla y Leon,Transferencia,19.4
10907,2023-09-22 06:00,254,Mini S 0253,Hogar,10,486.4,4864.0,Madrid,Comunidad de Madrid,PayPal,
10908,2023-09-22 13:00,188,Plus L 0187,Electronica,5,487.69,2438.45,Malaga,Andalucia,Efectivo,
10909,2023-09-22 20:00,329,Ultra HD 0328,Ropa,7,774.66,5422.62,Gijon,Asturias,Transferencia,
10910,2023-09-23 03:00,544,Basic X 0543,Electronica,11,22.68,249.48,Vigo,Galicia,Tarjeta,
10911,2023-09-23 10:00,397,Max 2000 0396,Libreria,9,679.3,6113.7,Sevilla,Andalucia,Transferencia,
10912,2023-09-23 17:00,517,Smart XL 0516,Deporte,4,271.75,1087.0,Bilbao,Pais Vasco,PayPal,
10913,2023-09-24 00:00,459,Pro 4K 0458,Electronica,2,717.92,1435.84,Cordoba,Andalucia,Bizum,
10914,2023-09-24 07:00,330,Ultra 4K 0329,Hogar,9,413.85,3724.65,Bilbao,Pais Vasco,Bizum,
10915,2023-09-24 14:00,169,Mini 2000 0168,Deporte,13,694.73,9031.49,Madrid,Comunidad de Madrid,Bizum,
10916,2023-09-24 21:00,366,Eco 3000 0365,Alimentacion,2,837.35,1674.7,Zaragoza,Aragon,Tarjeta,
10917,2023-09-25 04:00,178,Eco X 0177,Electronica,3,395.72,1187.16,Vigo,Galicia,PayPal,
10918,2023-09-25 11:00,362,Max XL 0361,Hogar,10,144.97,1449.7,Granada,Andalucia,Efectivo,25.5
10919,2023-09-25 18:00,40,Mini 3000 0039,Ropa,2,421.26,842.52,Barcelona,Cataluna,Bizum,
10920,2023-09-26 01:00,416,Basic Z 0415,Electronica,3,740.07,2220.21,Malaga,Andalucia,PayPal,
10921,2023-09-26 08:00,355,Eco XL 0354,Alimentacion,6,597.24,3583.44,Zaragoza,Aragon,Transferencia,
10922,2023-09-26 15:00,255,Max 4K 0254,Hogar,3,596.83,1790.49,Bilbao,Pais Vasco,Tarjeta,
10923,2023-09-26 22:00,143,Eco L 0142,Alimentacion,10,199.34,1993.4,Sevilla,Andalucia,PayPal,
10924,2023-09-27 05:00,577,Plus 2000 0576,Ropa,8,753.04,6024.32,Sevilla,Andalucia,PayPal,11.8
10925,2023-09-27 12:00,11,Eco XL 0010,Alimentacion,11,827.19,9099.09,Zaragoza,Aragon,Efectivo,
10926,2023-09-27 19:00,26,Ultra L 0025,Libreria,6,754.38,4526.28,Sevilla,Andalucia,PayPal,
10927,2023-09-28 02:00,421,Smart L 0420,Hogar,7,146.4,1024.8,Bilbao,Pais Vasco,Efectivo,
10928,2023-09-28 09:00,221,Mini XL 0220,Alimentacion,1,882.59,882.59,Vigo,Galicia,Tarjeta,
10929,2023-09-28 16:00,496,Eco X 0495,Ropa,3,699.11,2097.33,Zaragoza,Aragon,Tarjeta,
10930,2023-09-28 23:00,237,Max 2000 0236,Hogar,3,381.89,1145.67,Bilbao,Pais Vasco,Transferencia,
10931,2023-09-29 06:00,237,Max 2000 0236,Hogar,2,381.89,763.78,Malaga,Andalucia,Efectivo,
10932,2023-09-29 13:00,219,Mini X 0218,Electronica,7,652.79,4569.53,Granada,Andalucia,Efectivo,
10933,2023-09-29 20:00,487,Mini 4K 0486,Electronica,9,652.95,5876.55,Cordoba,Andalucia,Bizum,27.6
10934,2023-09-30 03:00,461,Pro 4K 0460,Libreria,4,821.0,3284.0,Malaga,Andalucia,Bizum,
10935,2023-09-30 10:00,144,Max 2000 0143,Hogar,12,581.96,6983.52,Malaga,Andalucia,Transferencia,15.8
10936,2023-09-30 17:00,189,Eco 2000 0188,Ropa,5,149.15,745.75,Sevilla,Andalucia,Tarjeta,6.3
10937,2023-10-01 00:00,255,Max 4K 0254,Hogar,3,596.83,1790.49,Madrid,Comunidad de Madrid,Bizum,
10938,2023-10-01 07:00,68,Pro L 0067,Ropa,11,423.53,4658.83,Gijon,Asturias,PayPal,21.5
10939,2023-10-01 14:00,336,Pro 2000 0335,Ropa,9,35.73,321.57,Murcia,Region de Murcia,Tarjeta,
10940,2023-10-01 21:00,409,Mini X 0408,Deporte,14,891.16,12476.24,Sevilla,Andalucia,PayPal,
10941,2023-10-02 04:00,300,Smart L 0299,Alimentacion,4,890.3,3561.2,Madrid,Comunidad de Madrid,Efectivo,
10942,2023-10-02 11:00,357,Plus M 0356,Electronica,5,778.58,3892.9,Bilbao,Pais Vasco,Tarjeta,
10943,2023-10-02 18:00,256,Ultra L 0255,Electronica,1,665.11,665.11,Gijon,Asturias,Transferencia,24.1
10944,2023-10-03 01:00,353,Max XL 0352,Ropa,11,816.23,8978.53,Gijon,Asturias,Efectivo,
10945,2023-10-03 08:00,521,Mini HD 0520,Ropa,12,705.94,8471.28,Murcia,Region de Murcia,Efectivo,
10946,2023-10-03 15:00,524,Max L 0523,Alimentacion,13,596.08,7749.04,Sevilla,Andalucia,PayPal,
10947,2023-10-03 22:00,284,Max 4K 0283,Hogar,2,645.13,1290.26,Vigo,Galicia,Efectivo,22.8
10948,2023-10-04 05:00,312,Basic 4K 0311,Hogar,12,744.27,8931.24,Alicante,Comunitat Valenciana,Bizum,
10949,2023-10-04 12:00,99,Eco 3000 0098,Electronica,13,799.15,10388.95,Murcia,Region de Murcia,Tarjeta,28.4
10950,2023-10-04 19:00,197,Smart Z 0196,Deporte,9,318.97,2870.73,Murcia,Region de Murcia,Bizum,
10951,2023-10-05 02:00,482,Smart HD 0481,Libreria,2,650.8,1301.6,Valencia,Comunitat Valenciana,PayPal,
10952,2023-10-05 09:00,226,Mini S 0225,Deporte,5,604.24,3021.2,Granada,Andalucia,PayPal,10.9
10953,2023-10-05 16:00,365,Pro 4K 0364,Electronica,13,217.86,2832.18,Valencia,Comunitat Valenciana,Tarjeta,
10954,2023-10-05 23:00,368,Plus L 0367,Alimentacion,8,630.29,5042.32,Madrid,Comunidad de Madrid,Efectivo,
10955,2023-10-06 06:00,570,Basic 2000 0569,Deporte,3,714.48,2143.44,Barcelona,Cataluna,Transferencia,
10956,2023-10-06 13:00,590,Plus 3000 0589,Alimentacion,6,535.24,3211.44,Pamplona,Navarra,PayPal,
10957,2023-10-06 20:00,75,Pro S 0074,Ropa,4,476.76,1907.04,Zaragoza,Aragon,Tarjeta,
10958,2023-10-07 03:00,42,Plus HD 0041,Deporte,11,826.93,9096.23,Alicante,Comunitat Valenciana,Transferencia,
10959,2023-10-07 10:00,422,Max Z 0421,Libreria,7,423.8,2966.6,Cordoba,Andalucia,Efectivo,11.4
10960,2023-10-07 17:00,181,Mini M 0180,Deporte,10,550.91,5509.1,Barcelona,Cataluna,PayPal,
10961,2023-10-08 00:00,545,Max Z 0544,Deporte,14,589.31,8250.34,Zaragoza,Aragon,Tarjeta,5.4
10962,2023-10-08 07:00,71,Basic HD 0070,Libreria,13,753.55,9796.15,Gijon,Asturias,Tarjeta,
10963,2023-10-08 14:00,568,Ultra L 0567,Libreria,3,547.14,1641.42,Madrid,Comunidad de Madrid,Tarjeta,
10964,2023-10-08 21:00,105,Pro L 0104,Deporte,6,726.93,4361.58,Valladolid,Castilla y Leon,PayPal,
10965,2023-10-09 04:00,200,Pro 3000 0199,Alimentacion,12,540.05,6480.6,Vigo,Galicia,Transferencia,
10966,2023-10-09 11:00,101,Pro X 0100,Ropa,10,649.84,6498.4,Madrid,Comunidad de Madrid,Tarjeta,
10967,2023-10-09 18:00,307,Mini M 0306,Hogar,9,111.81,1006.29,Bilbao,Pais Vasco,Efectivo,
10968,2023-10-10 01:00,586,Basic 4K 0585,Ropa,11,65.93,725.23,Cordoba,Andalucia,Tarjeta,
10969,2023-10-10 08:00,377,Pro X 0376,Ropa,10,818.19,8181.9,Vigo,Galicia,Transferencia,
10970,2023-10-10 15:00,399,Max L 0398,Ropa,1,159.67,159.67,Valladolid,Castilla y Leon,PayPal,
10971,2023-10-10 22:00,221,Mini XL 0220,Alimentacion,3,882.59,2647.77,Granada,Andalucia,Tarjeta,
10972,2023-10-11 05:00,595,Basic S 0594,Deporte,2,283.67,567.34,Gijon,Asturias,Tarjeta,21.2
10973,2023-10-11 12:00,182,Plus HD 0181,Electronica,8,854.57,6836.56,Murcia,Region de Murcia,Efectivo,
10974,2023-10-11 19:00,307,Mini M 0306,Hogar,7,111.81,782.67,Valencia,Comunitat Valenciana,Efectivo,
10975,2023-10-12 02:00,522,Ultra 3000 0521,Electronica,2,552.57,1105.14,Pamplona,Navarra,Tarjeta,
10976,2023-10-12 09:00,396,Basic X 0395,Hogar,6,164.82,988.92,Valencia,Comunitat Valenciana,Tarjeta,
10977,2023-10-12 16:00,4,Smart 4K 0003,Deporte,3,821.01,2463.03,Pamplona,Navarra,Efectivo,
10978,2023-10-12 23:00,281,Ultra M 0280,Hogar,8,422.7,3381.6,Madrid,Comunidad de Madrid,Transferencia,
10979,2023-10-13 06:00,215,Smart XL 0214,Hogar,10,862.51,8625.1,Gijon,Asturias,Bizum,
10980,2023-10-13 13:00,420,Pro 2000 0419,Alimentacion,13,4.91,63.83,Valencia,Comunitat Valenciana,Bizum,
10981,2023-10-13 20:00,101,Pro X 0100,Ropa,3,649.84,1949.52,Pamplona,Navarra,Tarjeta,
10982,2023-10-14 03:00,521,Mini HD 0520,Ropa,10,705.94,7059.4,Gijon,Asturias,Efectivo,
10983,2023-10-14 10:00,573,Smart M 0572,Alimentacion,14,258.32,3616.48,Alicante,Comunitat Valenciana,PayPal,
10984,2023-10-14 17:00,309,Plus HD 0308,Alimentacion,9,348.14,3133.26,Alicante,Comunitat Valenciana,PayPal,
10985,2023-10-15 00:00,510,Smart HD 0509,Hogar,1,604.66,604.66,Alicante,Comunitat Valenciana,Bizum,
10986,2023-10-15 07:00,63,Max M 0062,Libreria,5,281.69,1408.45,Vigo,Galicia,Transferencia,
10987,2023-10-15 14:00,226,Mini S 0225,Deporte,3,604.24,1812.72,Valladolid,Castilla y Leon,Bizum,
10988,2023-10-15 21:00,105,Pro L 0104,Deporte,6,726.93,4361.58,Madrid,Comunidad de Madrid,Tarjeta,
10989,2023-10-16 04:00,425,Eco Z 0424,Alimentacion,10,769.36,7693.6,Murcia,Region de Murcia,Transferencia,
10990,2023-10-16 11:00,255,Max 4K 0254,Hogar,2,596.83,1193.66,Madrid,Comunidad de Madrid,PayPal,
10991,2023-10-16 18:00,429,Smart Z 0428,Hogar,9,756.58,6809.22,Bilbao,Pais Vasco,Efectivo,
10992,2023-10-17 01:00,434,Pro L 0433,Ropa,6,867.05,5202.3,Granada,Andalucia,Efectivo,
10993,2023-10-17 08:00,207,Pro 3000 0206,Libreria,7,96.36,674.52,Malaga,Andalucia,Tarjeta,
10994,2023-10-17 15:00,28,Plus 2000 0027,Hogar,5,283.04,1415.2,Sevilla,Andalucia,Bizum,
10995,2023-10-17 22:00,336,Pro 2000 0335,Ropa,9,35.73,321.57,Valladolid,Castilla y Leon,Tarjeta,
10996,2023-10-18 05:00,588,Mini S 0587,Hogar,1,91.25,91.25,Granada,Andalucia,Efectivo,
10997,2023-10-18 12:00,69,Ultra 2000 0068,Hogar,5,563.97,2819.85,Granada,Andalucia,PayPal,
10998,2023-10-18 19:00,513,Max S 0512,Alimentacion,11,807.0,8877.0,Barcelona,Cataluna,Efectivo,
10999,2023-10-19 02:00,167,Pro X 0166,Electronica,10,754.93,7549.3,Cordoba,Andalucia,Transferencia,
11000,2023-10-19 09:00,368,Plus L 0367,Alimentacion,11,630.29,6933.19,Cordoba,Andalucia,Efectivo,
11001,2023-10-19 16:00,251,Max XL 0250,Ropa,6,366.41,2198.46,Valladolid,Castilla y Leon,Efectivo,
11002,2023-10-19 23:00,170,Mini XL 0169,Ropa,7,382.13,2674.91,Alicante,Comunitat Valenciana,Transferencia,
11003,2023-10-20 06:00,90,Basic HD 0089,Deporte,12,780.82,9369.84,Zaragoza,Aragon,Bizum,
11004,2023-10-20 13:00,561,Smart 3000 0560,Alimentacion,4,691.87,2767.48,Sevilla,Andalucia,Efectivo,
11005,2023-10-20 20:00,446,Eco 3000 0445,Electronica,12,183.51,2202.12,Murcia,Region de Murcia,Tarjeta,
11006,2023-10-21 03:00,294,Max HD 0293,Ropa,13,236.04,3068.52,Alicante,Comunitat Valenciana,Efectivo,26.0
11007,2023-10-21 10:00,150,Pro 3000 0149,Libreria,1,741.03,741.03,Valladolid,Castilla y Leon,Tarjeta,
11008,2023-10-21 17:00,132,Pro 3000 0131,Alimentacion,11,702.65,7729.15,Malaga,Andalucia,Transferencia,
11009,2023-10-22 00:00,433,Ultra M 0432,Alimentacion,8,781.77,6254.16,Malaga,Andalucia,Efectivo,
11010,2023-10-22 07:00,59,Pro 3000 0058,Deporte,10,775.12,7751.2,Valladolid,Castilla y Leon,Transferencia,
11011,2023-10-22 14:00,199,Ultra 4K 0198,Electronica,4,635.6,2542.4,Cordoba,Andalucia,Transferencia,
11012,2023-10-22 21:00,215,Smart XL 0214,Hogar,3,862.51,2587.53,Granada,Andalucia,Bizum,
11013,2023-10-23 04:00,561,Smart 3000 0560,Alimentacion,12,691.87,8302.44,Vigo,Galicia,Efectivo,
11014,2023-10-23 11:00,472,Mini 4K 0471,Libreria,7,587.75,4114.25,Bilbao,Pais Vasco,Tarjeta,19.0
11015,2023-10-23 18:00,247,Eco L 0246,Libreria,12,435.02,5220.24,Zaragoza,Aragon,Tarjeta,
11016,2023-10-24 01:00,382,Eco L 0381,Electronica,2,177.04,354.08,Madrid,Comunidad de Madrid,Efectivo,
11017,2023-10-24 08:00,239,Plus L 0238,Electronica,8,671.57,5372.56,Zaragoza,Aragon,Bizum,
11018,2023-10-24 15:00,367,Mini 3000 0366,Electronica,14,98.82,1383.48,Barcelona,Cataluna,Bizum,21.1
11019,2023-10-24 22:00,168,Eco M 0167,Libreria,6,366.32,2197.92,Zaragoza,Aragon,Bizum,13.4
11020,2023-10-25 05:00,560,Eco 3000 0559,Deporte,7,662.86,4640.02,Granada,Andalucia,Tarjeta,
11021,2023-10-25 12:00,51,Pro 3000 0050,Deporte,14,703.31,9846.34,Murcia,Region de Murcia,Transferencia,12.2
11022,2023-10-25 19:00,380,Max XL 0379,Alimentacion,5,681.94,3409.7,Granada,Andalucia,Bizum,24.2
11023,2023-10-26 02:00,474,Mini 3000 0473,Libreria,9,532.87,4795.83,Vigo,Galicia,Tarjeta,
11024,2023-10-26 09:00,80,Max 2000 0079,Libreria,5,96.26,481.3,Pamplona,Navarra,Tarjeta,
11025,2023-10-26 16:00,367,Mini 3000 0366,Electronica,11,98.82,1087.02,Cordoba,Andalucia,Transferencia,
11026,2023-10-26 23:00,461,Pro 4K 0460,Libreria,5,821.0,4105.0,Murcia,Region de Murcia,Efectivo,9.3
11027,2023-10-27 06:00,539,Ultra S 0538,Deporte,3,670.86,2012.58,Valencia,Comunitat Valenciana,Efectivo,11.5
11028,2023-10-27 13:00,452,Max 4K 0451,Deporte,11,146.67,1613.37,Murcia,Region de Murcia,Bizum,
11029,2023-10-27 20:00,464,Smart HD 0463,Electronica,1,418.03,418.03,Zaragoza,Aragon,Bizum,
11030,2023-10-28 03:00,478,Basic 2000 0477,Electronica,2,420.27,840.54,Vigo,Galicia,Transferencia,24.5
11031,2023-10-28 10:00,420,Pro 2000 0419,Alimentacion,8,4.91,39.28,Zaragoza,Aragon,Bizum,
11032,2023-10-28 17:00,214,Ultra 2000 0213,Deporte,1,81.68,81.68,Zaragoza,Aragon,Transferencia,
11033,2023-10-29 00:00,369,Eco 4K 0368,Libreria,7,173.53,1214.71,Valencia,Comunitat Valenciana,Tarjeta,
11034,2023-10-29 07:00,114,Max 4K 0113,Ropa,14,763.91,10694.74,Cordoba,Andalucia,Bizum,
11035,2023-10-29 14:00,503,Basic XL 0502,Deporte,14,324.58,4544.12,Madrid,Comunidad de Madrid,Tarjeta,
11036,2023-10-29 21:00,588,Mini S 0587,Hogar,5,91.25,456.25,Alicante,Comunitat Valenciana,PayPal,
11037,2023-10-30 04:00,311,Smart S 0310,Libreria,3,861.7,2585.1,Gijon,Asturias,Transferencia,
11038,2023-10-30 11:00,469,Pro M 0468,Libreria,12,504.33,6051.96,Sevilla,Andalucia,PayPal,
11039,2023-10-30 18:00,44,Max Z 0043,Hogar,12,33.42,401.04,Cordoba,Andalucia,Bizum,
11040,2023-10-31 01:00,415,Mini XL 0414,Deporte,11,62.79,690.69,Alicante,Comunitat Valenciana,Tarjeta,
11041,2023-10-31 08:00,246,Pro 2000 0245,Hogar,7,506.36,3544.52,Zaragoza,Aragon,Bizum,
11042,2023-10-31 15:00,84,Max XL 0083,Electronica,9,247.97,2231.73,Valladolid,Castilla y Leon,PayPal,
11043,2023-10-31 22:00,207,Pro 3000 0206,Libreria,2,96.36,192.72,Alicante,Comunitat Valenciana,Bizum,10.0
11044,2023-11-01 05:00,151,Plus X 0150,Libreria,8,478.57,3828.56,Cordoba,Andalucia,Efectivo,
11045,2023-11-01 12:00,528,Pro S 0527,Libreria,9,434.88,3913.92,Barcelona,Cataluna,PayPal,25.0
11046,2023-11-01 19:00,165,Eco 3000 0164,Alimentacion,11,446.86,4915.46,Malaga,Andalucia,Bizum,
11047,2023-11-02 02:00,145,Pro HD 0144,Deporte,3,381.84,1145.52,Malaga,Andalucia,Tarjeta,24.9
11048,2023-11-02 09:00,37,Max Z 0036,Alimentacion,2,375.39,750.78,Valladolid,Castilla y Leon,Bizum,
11049,2023-11-02 16:00,333,Mini M 0332,Libreria,7,431.09,3017.63,Sevilla,Andalucia,Tarjeta,19.3
11050,2023-11-02 23:00,403,Max 4K 0402,Electronica,5,694.79,3473.95,Sevilla,Andalucia,Efectivo,
11051,2023-11-03 06:00,414,Ultra Z 0413,Deporte,5,347.71,1738.55,Pamplona,Navarra,Bizum,
11052,2023-11-03 13:00,45,Smart L 0044,Deporte,10,821.81,8218.1,Madrid,Comunidad de Madrid,Efectivo,
11053,2023-11-03 20:00,402,Max L 0401,Alimentacion,5,153.06,765.3,Vigo,Galicia,PayPal,
11054,2023-11-04 03:00,206,Basic Z 0205,Electronica,4,8.7,34.8,Barcelona,Cataluna,Tarjeta,
11055,2023-11-04 10:00,62,Smart 3000 0061,Ropa,13,272.43,3541.59,Granada,Andalucia,PayPal,
11056,2023-11-04 17:00,420,Pro 2000 0419,Alimentacion,5,4.91,24.55,Cordoba,Andalucia,Tarjeta,
11057,2023-11-05 00:00,468,Pro 3000 0467,Deporte,13,225.79,2935.27,Murcia,Region de Murcia,Efectivo,
11058,2023-11-05 07:00,19,Basic L 0018,Alimentacion,4,97.4,389.6,Murcia,Region de Murcia,Transferencia,
11059,2023-11-05 14:00,365,Pro 4K 0364,Electronica,13,217.86,2832.18,Granada,Andalucia,Bizum,
11060,2023-11-05 21:00,300,Smart L 0299,Alimentacion,6,890.3,5341.8,Pamplona,Navarra,Efectivo,
11061,2023-11-06 04:00,7,Max S 0006,Deporte,4,233.38,933.52,Malaga,Andalucia,Tarjeta,
11062,2023-11-06 11:00,428,Mini M 0427,Deporte,2,271.33,542.66,Vigo,Galicia,Tarjeta,
11063,2023-11-06 18:00,117,Plus 2000 0116,Electronica,9,580.05,5220.45,Granada,Andalucia,Tarjeta,
11064,2023-11-07 01:00,580,Pro X 0579,Deporte,2,367.15,734.3,Cordoba,Andalucia,Tarjeta,
11065,2023-11-07 08:00,507,Mini XL 0506,Alimentacion,9,625.09,5625.81,Alicante,Comunitat Valenciana,Bizum,
11066,2023-11-07 15:00,546,Mini L 0545,Ropa,10,301.74,3017.4,Barcelona,Cataluna,PayPal,
11067,2023-11-07 22:00,325,Ultra 4K 0324,Alimentacion,6,562.14,3372.84,Zaragoza,Aragon,Transferencia,
11068,2023-11-08 05:00,55,Pro L 0054,Alimentacion,9,465.59,4190.31,Pamplona,Navarra,Bizum,11.6
11069,2023-11-08 12:00,42,Plus HD 0041,Deporte,9,826.93,7442.37,Valencia,Comunitat Valenciana,Tarjeta,28.7
11070,2023-11-08 19:00,297,Eco S 0296,Alimentacion,3,796.23,2388.69,Valladolid,Castilla y Leon,Bizum,
11071,2023-11-09 02:00,231,Mini M 0230,Alimentacion,1,427.99,427.99,Pamplona,Navarra,Efectivo,
11072,2023-11-09 09:00,453,Basic M 0452,Electronica,1,186.51,186.51,Zaragoza,Aragon,Tarjeta,
11073,2023-11-09 16:00,394,Max X 0393,Deporte,3,756.74,2270.22,Valencia,Comunitat Valenciana,Transferencia,
11074,2023-11-09 23:00,522,Ultra 3000 0521,Electronica,5,552.57,2762.85,Murcia,Region de Murcia,Tarjeta,
11075,2023-11-10 06:00,358,Basic S 0357,Libreria,13,661.57,8600.41,Pamplona,Navarra,Transferencia,
11076,2023-11-10 13:00,444,Smart 2000 0443,Libreria,3,653.07,1959.21,Valladolid,Castilla y Leon,Transferencia,
11077,2023-11-10 20:00,128,Basic 4K 0127,Alimentacion,12,329.02,3948.24,Pamplona,Navarra,PayPal,
11078,2023-11-11 03:00,405,Pro L 0404,Deporte,9,428.31,3854.79,Vigo,Galicia,PayPal,
11079,2023-11-11 10:00,392,Ultra HD 0391,Hogar,9,20.5,184.5,Sevilla,Andalucia,Bizum,
11080,2023-11-11 17:00,193,Smart XL 0192,Libreria,3,142.58,427.74,Alicante,Comunitat Valenciana,Bizum,
11081,2023-11-12 00:00,78,Smart 2000 0077,Alimentacion,3,449.31,1347.93,Cordoba,Andalucia,Transferencia,
11082,2023-11-12 07:00,85,Plus S 0084,Ropa,12,808.09,9697.08,Zaragoza,Aragon,Tarjeta,
11083,2023-11-12 14:00,30,Smart M 0029,Hogar,14,548.66,7681.24,Pamplona,Navarra,Efectivo,19.2
11084,2023-11-12 21:00,49,Pro 2000 0048,Hogar,5,34.35,171.75,Granada,Andalucia,Efectivo,
11085,2023-11-13 04:00,145,Pro HD 0144,Deporte,2,381.84,763.68,Barcelona,Cataluna,Tarjeta,
11086,2023-11-13 11:00,69,Ultra 2000 0068,Hogar,6,563.97,3383.82,Barcelona,Cataluna,Tarjeta,
11087,2023-11-13 18:00,58,Plus 2000 0057,Deporte,7,503.34,3523.38,Malaga,Andalucia,PayPal,
11088,2023-11-14 01:00,574,Eco 4K 0573,Deporte,13,325.79,4235.27,Pamplona,Navarra,Efectivo,
11089,2023-11-14 08:00,479,Mini Z 0478,Deporte,9,613.68,5523.12,Barcelona,Cataluna,Transferencia,
11090,2023-11-14 15:00,445,Eco XL 0444,Deporte,6,672.26,4033.56,Barcelona,Cataluna,Bizum,7.1
11091,2023-11-14 22:00,296,Pro M 0295,Hogar,3,884.16,2652.48,Sevilla,Andalucia,PayPal,
11092,2023-11-15 05:00,171,Mini M 0170,Alimentacion,12,321.06,3852.72,Granada,Andalucia,Efectivo,
11093,2023-11-15 12:00,575,Eco S 0574,Libreria,5,347.92,1739.6,Murcia,Region de Murcia,Tarjeta,10.0
11094,2023-11-15 19:00,147,Eco M 0146,Ropa,4,810.9,3243.6,Barcelona,Cataluna,Efectivo,
11095,2023-11-16 02:00,484,Plus 4K 0483,Libreria,5,682.32,3411.6,Murcia,Region de Murcia,Transferencia,
11096,2023-11-16 09:00,306,Eco HD 0305,Libreria,8,748.25,5986.0,Sevilla,Andalucia,PayPal,
11097,2023-11-16 16:00,446,Eco 3000 0445,Electronica,8,183.51,1468.08,Barcelona,Cataluna,Tarjeta,7.3
11098,2023-11-16 23:00,221,Mini XL 0220,Alimentacion,6,882.59,5295.54,Valladolid,Castilla y Leon,Transferencia,
11099,2023-11-17 06:00,555,Max M 0554,Libreria,1,160.07,160.07,Cordoba,Andalucia,Bizum,
11100,2023-11-17 13:00,378,Max S 0377,Ropa,8,4.99,39.92,Malaga,Andalucia,PayPal,
11101,2023-11-17 20:00,266,Eco L 0265,Deporte,8,839.59,6716.72,Zaragoza,Aragon,Transferencia,
11102,2023-11-18 03:00,95,Mini L 0094,Electronica,2,456.93,913.86,Gijon,Asturias,Transferencia,
11103,2023-11-18 10:00,262,Ultra S 0261,Libreria,4,891.34,3565.36,Cordoba,Andalucia,Tarjeta,
11104,2023-11-18 17:00,71,Basic HD 0070,Libreria,12,753.55,9042.6,Bilbao,Pais Vasco,Bizum,
11105,2023-11-19 00:00,219,Mini X 0218,Electronica,2,652.79,1305.58,Valladolid,Castilla y Leon,Transferencia,
11106,2023-11-19 07:00,533,Pro XL 0532,Alimentacion,4,535.57,2142.28,Madrid,Comunidad de Madrid,PayPal,
11107,2023-11-19 14:00,92,Basic 2000 0091,Ropa,12,498.33,5979.96,Barcelona,Cataluna,Transferencia,
11108,2023-11-19 21:00,127,Plus S 0126,Electronica,13,697.35,9065.55,Murcia,Region de Murcia,Efectivo,
11109,2023-11-20 04:00,80,Max 2000 0079,Libreria,13,96.26,1251.38,Madrid,Comunidad de Madrid,PayPal,
11110,2023-11-20 11:00,238,Smart HD 0237,Ropa,10,716.62,7166.2,Valencia,Comunitat Valenciana,PayPal,
11111,2023-11-20 18:00,372,Ultra Z 0371,Deporte,7,421.05,2947.35,Barcelona,Cataluna,Transferencia,
11112,2023-11-21 01:00,486,Pro 2000 0485,Electronica,9,817.4,7356.6,Bilbao,Pais Vasco,Tarjeta,
11113,2023-11-21 08:00,25,Ultra HD 0024,Ropa,14,170.93,2393.02,Sevilla,Andalucia,PayPal,24.7
11114,2023-11-21 15:00,156,Basic HD 0155,Ropa,14,449.72,6296.08,Vigo,Galicia,Efectivo,
11115,2023-11-21 22:00,517,Smart XL 0516,Deporte,8,271.75,2174.0,Malaga,Andalucia,Tarjeta,
11116,2023-11-22 05:00,530,Ultra XL 0529,Libreria,12,150.93,1811.16,Bilbao,Pais Vasco,Tarjeta,
11117,2023-11-22 12:00,57,Ultra HD 0056,Alimentacion,9,415.24,3737.16,Murcia,Region de Murcia,Tarjeta,
11118,2023-11-22 19:00,19,Basic L 0018,Alimentacion,8,97.4,779.2,Sevilla,Andalucia,PayPal,23.4
11119,2023-11-23 02:00,384,Ultra 4K 0383,Electronica,2,296.47,592.94,Pamplona,Navarra,Tarjeta,20.0
11120,2023-11-23 09:00,193,Smart XL 0192,Libreria,7,142.58,998.06,Alicante,Comunitat Valenciana,Transferencia,
11121,2023-11-23 16:00,237,Max 2000 0236,Hogar,2,381.89,763.78,Zaragoza,Aragon,Tarjeta,
11122,2023-11-23 23:00,387,Smart 3000 0386,Libreria,13,341.51,4439.63,Sevilla,Andalucia,Efectivo,
11123,2023-11-24 06:00,426,Mini Z 0425,Alimentacion,12,476.2,5714.4,Barcelona,Cataluna,Bizum,
11124,2023-11-24 13:00,277,Pro X 0276,Hogar,11,305.38,3359.18,Madrid,Comunidad de Madrid,Efectivo,
11125,2023-11-24 20:00,227,Mini M 0226,Alimentacion,2,43.56,87.12,Gijon,Asturias,PayPal,28.3
11126,2023-11-25 03:00,552,Basic HD 0551,Hogar,4,378.88,1515.52,Gijon,Asturias,Tarjeta,
11127,2023-11-25 10:00,323,Smart Z 0322,Hogar,1,808.09,808.09,Madrid,Comunidad de Madrid,Tarjeta,
11128,2023-11-25 17:00,153,Mini 3000 0152,Libreria,5,450.28,2251.4,Murcia,Region de Murcia,Transferencia,
11129,2023-11-26 00:00,237,Max 2000 0236,Hogar,6,381.89,2291.34,Gijon,Asturias,Tarjeta,14.7
11130,2023-11-26 07:00,55,Pro L 0054,Alimentacion,9,465.59,4190.31,Sevilla,Andalucia,Efectivo,
11131,2023-11-26 14:00,436,Ultra 3000 0435,Electronica,10,659.21,6592.1,Bilbao,Pais Vasco,PayPal,
11132,2023-11-26 21:00,109,Plus XL 0108,Libreria,8,368.12,2944.96,Valladolid,Castilla y Leon,Bizum,
11133,2023-11-27 04:00,184,Max X 0183,Alimentacion,2,858.85,1717.7,Murcia,Region de Murcia,Tarjeta,
11134,2023-11-27 11:00,368,Plus L 0367,Alimentacion,1,630.29,630.29,Alicante,Comunitat Valenciana,Bizum,
11135,2023-11-27 18:00,198,Smart 4K 0197,Deporte,2,373.85,747.7,Pamplona,Navarra,Tarjeta,16.0
11136,2023-11-28 01:00,371,Ultra 3000 0370,Libreria,7,865.33,6057.31,Malaga,Andalucia,PayPal,
11137,2023-11-28 08:00,373,Plus L 0372,Electronica,4,791.64,3166.56,Vigo,Galicia,Efectivo,
11138,2023-11-28 15:00,497,Plus M 0496,Ropa,10,847.34,8473.4,Murcia,Region de Murcia,PayPal,10.5
11139,2023-11-28 22:00,599,Eco XL 0598,Libreria,5,531.21,2656.05,Vigo,Galicia,Bizum,17.0
11140,2023-11-29 05:00,201,Pro HD 0200,Electronica,12,415.86,4990.32,Murcia,Region de Murcia,Tarjeta,
11141,2023-11-29 12:00,509,Mini 3000 0508,Electronica,7,40.89,286.23,Zaragoza,Aragon,Bizum,13.1
11142,2023-11-29 19:00,322,Max M 0321,Alimentacion,3,896.71,2690.13,Cordoba,Andalucia,Efectivo,
11143,2023-11-30 02:00,275,Basic L 0274,Electronica,10,360.86,3608.6,Barcelona,Cataluna,PayPal,
11144,2023-11-30 09:00,211,Pro 3000 0210,Libreria,2,711.84,1423.68,Zaragoza,Aragon,Bizum,
11145,2023-11-30 16:00,504,Max HD 0503,Alimentacion,13,292.59,3803.67,Gijon,Asturias,Bizum,
11146,2023-11-30 23:00,118,Basic 3000 0117,Libreria,7,634.73,4443.11,Madrid,Comunidad de Madrid,Efectivo,
11147,2023-12-01 06:00,554,Max L 0553,Ropa,5,757.04,3785.2,Madrid,Comunidad de Madrid,Tarjeta,
11148,2023-12-01 13:00,42,Plus HD 0041,Deporte,14,826.93,11577.02,Valladolid,Castilla y Leon,Bizum,8.7
11149,2023-12-01 20:00,315,Plus HD 0314,Ropa,1,197.82,197.82,Valencia,Comunitat Valenciana,Efectivo,
11150,2023-12-02 03:00,329,Ultra HD 0328,Ropa,1,774.66,774.66,Valencia,Comunitat Valenciana,Tarjeta,
11151,2023-12-02 10:00,17,Plus 2000 0016,Libreria,9,65.74,591.66,Valladolid,Castilla y Leon,Tarjeta,11.3
11152,2023-12-02 17:00,283,Ultra 3000 0282,Libreria,5,768.12,3840.6,Vigo,Galicia,PayPal,
11153,2023-12-03 00:00,258,Pro L 0257,Ropa,1,386.42,386.42,Bilbao,Pais Vasco,Efectivo,
11154,2023-12-03 07:00,575,Eco S 0574,Libreria,7,347.92,2435.44,Madrid,Comunidad de Madrid,Tarjeta,
11155,2023-12-03 14:00,574,Eco 4K 0573,Deporte,9,325.79,2932.11,Cordoba,Andalucia,PayPal,27.9
11156,2023-12-03 21:00,19,Basic L 0018,Alimentacion,11,97.4,1071.4,Zaragoza,Aragon,Transferencia,
11157,2023-12-04 04:00,529,Pro X 0528,Deporte,1,40.51,40.51,Malaga,Andalucia,Efectivo,
11158,2023-12-04 11:00,423,Basic M 0422,Hogar,10,850.09,8500.9,Cordoba,Andalucia,Transferencia,
11159,2023-12-04 18:00,466,Mini X 0465,Electronica,14,540.09,7561.26,Alicante,Comunitat Valenciana,Tarjeta,
11160,2023-12-05 01:00,373,Plus L 0372,Electronica,13,791.64,10291.32,Vigo,Galicia,Efectivo,
11161,2023-12-05 08:00,81,Basic M 0080,Electronica,4,303.58,1214.32,Valladolid,Castilla y Leon,PayPal,6.3
11162,2023-12-05 15:00,551,Plus 3000 0550,Electronica,14,201.61,2822.54,Valencia,Comunitat Valenciana,Tarjeta,
11163,2023-12-05 22:00,548,Ultra M 0547,Hogar,3,445.97,1337.91,Sevilla,Andalucia,Efectivo,
11164,2023-12-06 05:00,424,Smart XL 0423,Alimentacion,5,95.56,477.8,Cordoba,Andalucia,Efectivo,19.9
11165,2023-12-06 12:00,429,Smart Z 0428,Hogar,7,756.58,5296.06,Valladolid,Castilla y Leon,Transferencia,17.2
11166,2023-12-06 19:00,388,Pro XL 0387,Electronica,8,12.12,96.96,Cordoba,Andalucia,Tarjeta,
11167,2023-12-07 02:00,204,Max 4K 0203,Libreria,13,6.09,79.17,Gijon,Asturias,PayPal,
11168,2023-12-07 09:00,196,Ultra XL 0195,Hogar,2,312.56,625.12,Alicante,Comunitat Valenciana,PayPal,15.4
11169,2023-12-07 16:00,285,Ultra 4K 0284,Libreria,7,531.83,3722.81,Pamplona,Navarra,Tarjeta,
11170,2023-12-07 23:00,196,Ultra XL 0195,Hogar,14,312.56,4375.84,Cordoba,Andalucia,Tarjeta,
11171,2023-12-08 06:00,307,Mini M 0306,Hogar,14,111.81,1565.34,Gijon,Asturias,Bizum,
11172,2023-12-08 13:00,14,Mini HD 0013,Electronica,1,587.62,587.62,Cordoba,Andalucia,Transferencia,
11173,2023-12-08 20:00,146,Basic M 0145,Libreria,7,122.51,857.57,Cordoba,Andalucia,Tarjeta,
11174,2023-12-09 03:00,57,Ultra HD 0056,Alimentacion,8,415.24,3321.92,Valencia,Comunitat Valenciana,Tarjeta,
11175,2023-12-09 10:00,210,Plus S 0209,Deporte,2,866.03,1732.06,Madrid,Comunidad de Madrid,Bizum,
11176,2023-12-09 17:00,529,Pro X 0528,Deporte,9,40.51,364.59,Murcia,Region de Murcia,Bizum,
11177,2023-12-10 00:00,344,Max Z 0343,Hogar,1,47.7,47.7,Vigo,Galicia,Efectivo,5.9
11178,2023-12-10 07:00,279,Basic Z 0278,Hogar,13,660.11,8581.43,Cordoba,Andalucia,PayPal,
11179,2023-12-10 14:00,209,Smart HD 0208,Ropa,6,727.45,4364.7,Cordoba,Andalucia,Transferencia,
11180,2023-12-10 21:00,335,Mini S 0334,Electronica,1,767.56,767.56,Barcelona,Cataluna,Efectivo,
11181,2023-12-11 04:00,288,Smart S 0287,Libreria,3,44.4,133.2,Madrid,Comunidad de Madrid,Tarjeta,
11182,2023-12-11 11:00,252,Pro L 0251,Libreria,11,516.89,5685.79,Gijon,Asturias,Bizum,
11183,2023-12-11 18:00,265,Ultra X 0264,Libreria,6,348.02,2088.12,Murcia,Region de Murcia,PayPal,17.6
11184,2023-12-12 01:00,271,Plus S 0270,Electronica,3,37.68,113.04,Malaga,Andalucia,Efectivo,
11185,2023-12-12 08:00,419,Mini HD 0418,Electronica,8,230.24,1841.92,Malaga,Andalucia,PayPal,20.4
11186,2023-12-12 15:00,211,Pro 3000 0210,Libreria,5,711.84,3559.2,Sevilla,Andalucia,Bizum,
11187,2023-12-12 22:00,365,Pro 4K 0364,Electronica,2,217.86,435.72,Valladolid,Castilla y Leon,Efectivo,
11188,2023-12-13 05:00,76,Max S 0075,Libreria,4,482.86,1931.44,Granada,Andalucia,Efectivo,
11189,2023-12-13 12:00,321,Smart 4K 0320,Libreria,9,444.09,3996.81,Zaragoza,Aragon,PayPal,
11190,2023-12-13 19:00,433,Ultra M 0432,Alimentacion,4,781.77,3127.08,Barcelona,Cataluna,Bizum,
11191,2023-12-14 02:00,109,Plus XL 0108,Libreria,10,368.12,3681.2,Gijon,Asturias,Tarjeta,
11192,2023-12-14 09:00,522,Ultra 3000 0521,Electronica,10,552.57,5525.7,Madrid,Comunidad de Madrid,Efectivo,
11193,2023-12-14 16:00,47,Pro HD 0046,Electronica,8,521.55,4172.4,Madrid,Comunidad de Madrid,Tarjeta,
11194,2023-12-14 23:00,379,Max M 0378,Libreria,5,502.33,2511.65,Granada,Andalucia,Bizum,
11195,2023-12-15 06:00,96,Pro M 0095,Ropa,11,537.15,5908.65,Sevilla,Andalucia,Efectivo,12.5
11196,2023-12-15 13:00,103,Plus 2000 0102,Deporte,11,889.89,9788.79,Bilbao,Pais Vasco,Efectivo,20.6
11197,2023-12-15 20:00,146,Basic M 0145,Libreria,10,122.51,1225.1,Valencia,Comunitat Valenciana,Tarjeta,16.7
11198,2023-12-16 03:00,27,Ultra S 0026,Deporte,13,301.59,3920.67,Sevilla,Andalucia,Transferencia,
11199,2023-12-16 10:00,530,Ultra XL 0529,Libreria,13,150.93,1962.09,Alicante,Comunitat Valenciana,Tarjeta,
11200,2023-12-16 17:00,82,Mini Z 0081,Electronica,14,71.64,1002.96,Murcia,Region de Murcia,Tarjeta,
