fecha,id_categoria,categoria,n_pedidos,importe_total,ticket_medio
2024-01-01,1,Electronica,14,5026.58,359.04
2024-01-01,2,Informatica,28,11176.01,399.14
2024-01-01,3,Moviles,9,4811.88,534.65
2024-01-01,4,Ropa,29,4560.14,157.25
2024-01-01,5,Hogar,21,12113.71,576.84
2024-01-01,6,Deportes,28,9143.65,326.56
2024-01-01,7,Libros,12,6257.37,521.45
2024-01-01,8,Alimentacion,34,11213.39,329.81
2024-01-02,1,Electronica,24,2991.84,124.66
2024-01-02,2,Informatica,11,5168.13,469.83
2024-01-02,3,Moviles,21,6906.55,328.88
2024-01-02,4,Ropa,15,5227.41,348.49
2024-01-02,5,Hogar,18,10341.22,574.51
2024-01-02,6,Deportes,38,10188.23,268.11
2024-01-02,7,Libros,39,21658.88,555.36
2024-01-02,8,Alimentacion,38,8930.25,235.01
2024-01-03,1,Electronica,10,4420.22,442.02
2024-01-03,2,Informatica,21,7340.89,349.57
2024-01-03,3,Moviles,15,3974.43,264.96
2024-01-03,4,Ropa,19,6782.01,356.95
2024-01-03,5,Hogar,37,9302.75,251.43
2024-01-03,6,Deportes,19,7578.69,398.88
2024-01-03,7,Libros,17,8485.73,499.16
2024-01-03,8,Alimentacion,30,13942.02,464.73
2024-01-04,1,Electronica,19,3495.19,183.96
2024-01-04,2,Informatica,36,9536.13,264.89
2024-01-04,3,Moviles,6,3567.56,594.59
2024-01-04,4,Ropa,22,7162.43,325.56
2024-01-04,5,Hogar,17,7481.89,440.11
2024-01-04,6,Deportes,27,8439.08,312.56
2024-01-04,7,Libros,27,15568.21,576.6
2024-01-04,8,Alimentacion,28,3412.64,121.88
2024-01-05,1,Electronica,11,2177.56,197.96
2024-01-05,2,Informatica,17,4345.6,255.62
2024-01-05,3,Moviles,35,14158.01,404.51
2024-01-05,4,Ropa,5,1646.63,329.33
2024-01-05,5,Hogar,27,13387.0,495.81
2024-01-05,6,Deportes,10,5140.17,514.02
2024-01-05,7,Libros,12,6637.01,553.08
2024-01-05,8,Alimentacion,17,5585.81,328.58
2024-01-06,1,Electronica,16,4890.26,305.64
2024-01-06,2,Informatica,26,3252.86,125.11
2024-01-06,3,Moviles,30,9625.3,320.84
2024-01-06,4,Ropa,10,4568.95,456.89
2024-01-06,5,Hogar,15,8946.28,596.42
2024-01-06,6,Deportes,6,951.59,158.6
2024-01-06,7,Libros,34,16978.96,499.38
2024-01-06,8,Alimentacion,14,5572.25,398.02
2024-01-07,1,Electronica,35,14762.28,421.78
2024-01-07,2,Informatica,27,4349.01,161.07
2024-01-07,3,Moviles,40,5924.46,148.11
2024-01-07,4,Ropa,5,2478.33,495.67
2024-01-07,5,Hogar,11,3892.04,353.82
2024-01-07,6,Deportes,13,3972.55,305.58
2024-01-07,7,Libros,17,8663.21,509.6
2024-01-07,8,Alimentacion,18,1702.02,94.56
2024-01-08,1,Electronica,18,4182.17,232.34
2024-01-08,2,Informatica,20,9542.27,477.11
2024-01-08,3,Moviles,25,5371.74,214.87
2024-01-08,4,Ropa,31,15927.22,513.78
2024-01-08,5,Hogar,8,4425.67,553.21
2024-01-08,6,Deportes,27,14763.76,546.81
2024-01-08,7,Libros,38,11351.61,298.73
2024-01-08,8,Alimentacion,37,5475.89,148.0
2024-01-09,1,Electronica,14,4931.13,352.22
2024-01-09,2,Informatica,6,3203.15,533.86
2024-01-09,3,Moviles,16,6343.17,396.45
2024-01-09,4,Ropa,14,2374.68,169.62
2024-01-09,5,Hogar,35,14067.64,401.93
2024-01-09,6,Deportes,12,4432.41,369.37
2024-01-09,7,Libros,25,10870.31,434.81
2024-01-09,8,Alimentacion,38,14015.53,368.83
2024-01-10,1,Electronica,11,5932.06,539.28
2024-01-10,2,Informatica,8,1673.74,209.22
2024-01-10,3,Moviles,22,2242.76,101.94
2024-01-10,4,Ropa,11,3784.12,344.01
2024-01-10,5,Hogar,40,3779.61,94.49
2024-01-10,6,Deportes,9,2794.4,310.49
2024-01-10,7,Libros,37,14622.09,395.19
2024-01-10,8,Alimentacion,17,7483.74,440.22
2024-01-11,1,Electronica,33,11359.96,344.24
2024-01-11,2,Informatica,35,12041.08,344.03
2024-01-11,3,Moviles,20,8871.87,443.59
2024-01-11,4,Ropa,21,11756.8,559.85
2024-01-11,5,Hogar,17,8785.6,516.8
2024-01-11,6,Deportes,13,3856.47,296.65
2024-01-11,7,Libros,30,9297.04,309.9
2024-01-11,8,Alimentacion,9,3861.01,429.0
2024-01-12,1,Electronica,32,3776.73,118.02
2024-01-12,2,Informatica,24,11703.52,487.65
2024-01-12,3,Moviles,14,7959.59,568.54
2024-01-12,4,Ropa,28,4321.77,154.35
2024-01-12,5,Hogar,13,7580.6,583.12
2024-01-12,6,Deportes,19,8897.22,468.27
2024-01-12,7,Libros,11,3158.03,287.09
2024-01-12,8,Alimentacion,36,5927.53,164.65
2024-01-13,1,Electronica,19,3115.28,163.96
2024-01-13,2,Informatica,32,19101.37,596.92
2024-01-13,3,Moviles,30,7690.21,256.34
2024-01-13,4,Ropa,17,4512.47,265.44
2024-01-13,5,Hogar,10,4555.18,455.52
2024-01-13,6,Deportes,6,1534.5,255.75
2024-01-13,7,Libros,34,10507.3,309.04
2024-01-13,8,Alimentacion,6,1679.16,279.86
2024-01-14,1,Electronica,38,15368.8,404.44
2024-01-14,2,Informatica,37,21445.31,579.6
2024-01-14,3,Moviles,12,7106.92,592.24
2024-01-14,4,Ropa,19,11120.36,585.28
2024-01-14,5,Hogar,11,1360.83,123.71
2024-01-14,6,Deportes,22,2212.89,100.59
2024-01-14,7,Libros,16,3530.11,220.63
2024-01-14,8,Alimentacion,13,6581.69,506.28
2024-01-15,1,Electronica,21,6112.95,291.09
2024-01-15,2,Informatica,39,21760.8,557.97
2024-01-15,3,Moviles,36,15991.81,444.22
2024-01-15,4,Ropa,10,2251.12,225.11
2024-01-15,5,Hogar,16,4818.64,301.17
2024-01-15,6,Deportes,9,1978.56,219.84
2024-01-15,7,Libros,6,2459.45,409.91
2024-01-15,8,Alimentacion,21,2594.47,123.55
2024-01-16,1,Electronica,19,2178.23,114.64
2024-01-16,2,Informatica,12,3791.55,315.96
2024-01-16,3,Moviles,26,15523.02,597.04
2024-01-16,4,Ropa,31,17417.91,561.87
2024-01-16,5,Hogar,22,8872.29,403.29
2024-01-16,6,Deportes,7,2477.97,354.0
2024-01-16,7,Libros,20,11356.51,567.83
2024-01-16,8,Alimentacion,15,3242.78,216.19
2024-01-17,1,Electronica,16,2958.71,184.92
2024-01-17,2,Informatica,24,9765.82,406.91
2024-01-17,3,Moviles,38,18047.69,474.94
2024-01-17,4,Ropa,23,7170.42,311.76
2024-01-17,5,Hogar,16,3530.75,220.67
2024-01-17,6,Deportes,6,3582.84,597.14
2024-01-17,7,Libros,7,615.86,87.98
2024-01-17,8,Alimentacion,37,13562.19,366.55
2024-01-18,1,Electronica,17,5905.84,347.4
2024-01-18,2,Informatica,20,11320.29,566.01
2024-01-18,3,Moviles,11,4645.59,422.33
2024-01-18,4,Ropa,32,13484.32,421.38
2024-01-18,5,Hogar,39,20045.97,514.0
2024-01-18,6,Deportes,30,17536.87,584.56
2024-01-18,7,Libros,24,10503.02,437.63
2024-01-18,8,Alimentacion,19,4905.92,258.21
2024-01-19,1,Electronica,13,3775.76,290.44
2024-01-19,2,Informatica,27,15945.62,590.58
2024-01-19,3,Moviles,13,1136.36,87.41
2024-01-19,4,Ropa,21,6383.69,303.99
2024-01-19,5,Hogar,8,991.46,123.93
2024-01-19,6,Deportes,29,15447.71,532.68
2024-01-19,7,Libros,23,9001.39,391.36
2024-01-19,8,Alimentacion,23,2381.04,103.52
2024-01-20,1,Electronica,16,2590.67,161.92
2024-01-20,2,Informatica,33,2702.17,81.88
2024-01-20,3,Moviles,28,16243.61,580.13
2024-01-20,4,Ropa,40,9929.51,248.24
2024-01-20,5,Hogar,7,4075.03,582.15
2024-01-20,6,Deportes,24,4638.97,193.29
2024-01-20,7,Libros,16,1288.89,80.56
2024-01-20,8,Alimentacion,29,3585.07,123.62
2024-01-21,1,Electronica,22,7511.62,341.44
2024-01-21,2,Informatica,17,3553.91,209.05
2024-01-21,3,Moviles,5,636.21,127.24
2024-01-21,4,Ropa,10,1548.1,154.81
2024-01-21,5,Hogar,7,1994.08,284.87
2024-01-21,6,Deportes,24,5716.97,238.21
2024-01-21,7,Libros,19,2354.69,123.93
2024-01-21,8,Alimentacion,38,19900.17,523.69
2024-01-22,1,Electronica,14,5906.92,421.92
2024-01-22,2,Informatica,29,13845.82,477.44
2024-01-22,3,Moviles,36,5677.95,157.72
2024-01-22,4,Ropa,14,1438.78,102.77
2024-01-22,5,Hogar,37,15029.87,406.21
2024-01-22,6,Deportes,37,5640.28,152.44
2024-01-22,7,Libros,38,17916.66,471.49
2024-01-22,8,Alimentacion,6,3058.4,509.73
2024-01-23,1,Electronica,19,2360.71,124.25
2024-01-23,2,Informatica,7,1044.46,149.21
2024-01-23,3,Moviles,28,16210.55,578.95
2024-01-23,4,Ropa,29,14924.18,514.63
2024-01-23,5,Hogar,40,4256.23,106.41
2024-01-23,6,Deportes,6,2433.83,405.64
2024-01-23,7,Libros,20,6688.66,334.43
2024-01-23,8,Alimentacion,5,1588.07,317.61
2024-01-24,1,Electronica,9,4221.88,469.1
2024-01-24,2,Informatica,37,20234.78,546.89
2024-01-24,3,Moviles,10,4228.36,422.84
2024-01-24,4,Ropa,9,4210.01,467.78
2024-01-24,5,Hogar,35,7389.92,211.14
2024-01-24,6,Deportes,9,4679.91,519.99
2024-01-24,7,Libros,20,9185.08,459.25
2024-01-24,8,Alimentacion,18,3599.69,199.98
2024-01-25,1,Electronica,34,11453.01,336.85
2024-01-25,2,Informatica,29,3477.24,119.9
2024-01-25,3,Moviles,23,11012.96,478.82
2024-01-25,4,Ropa,17,2044.85,120.29
2024-01-25,5,Hogar,14,3535.31,252.52
2024-01-25,6,Deportes,24,9671.96,403.0
2024-01-25,7,Libros,13,1124.29,86.48
2024-01-25,8,Alimentacion,8,2660.92,332.62
2024-01-26,1,Electronica,11,4839.3,439.94
2024-01-26,2,Informatica,36,8324.83,231.25
2024-01-26,3,Moviles,38,8682.34,228.48
2024-01-26,4,Ropa,34,10964.88,322.5
2024-01-26,5,Hogar,12,7158.19,596.52
2024-01-26,6,Deportes,40,7344.4,183.61
2024-01-26,7,Libros,10,5668.52,566.85
2024-01-26,8,Alimentacion,6,1383.52,230.59
2024-01-27,1,Electronica,9,4557.12,506.35
2024-01-27,2,Informatica,33,19696.47,596.86
2024-01-27,3,Moviles,29,5484.35,189.12
2024-01-27,4,Ropa,18,2138.38,118.8
2024-01-27,5,Hogar,10,1537.05,153.7
2024-01-27,6,Deportes,38,8213.35,216.14
2024-01-27,7,Libros,28,4170.73,148.95
2024-01-27,8,Alimentacion,37,8338.89,225.38
2024-01-28,1,Electronica,12,5348.82,445.73
2024-01-28,2,Informatica,19,6439.13,338.9
2024-01-28,3,Moviles,36,10257.19,284.92
2024-01-28,4,Ropa,15,1228.01,81.87
2024-01-28,5,Hogar,36,15639.33,434.43
2024-01-28,6,Deportes,30,7110.44,237.01
2024-01-28,7,Libros,14,4149.8,296.41
2024-01-28,8,Alimentacion,29,7086.46,244.36
2024-01-29,1,Electronica,26,2103.54,80.91
2024-01-29,2,Informatica,26,13424.78,516.34
2024-01-29,3,Moviles,12,6824.86,568.74
2024-01-29,4,Ropa,17,7663.13,450.77
2024-01-29,5,Hogar,23,4868.42,211.67
2024-01-29,6,Deportes,9,2558.77,284.31
2024-01-29,7,Libros,9,2408.12,267.57
2024-01-29,8,Alimentacion,32,15134.12,472.94
2024-01-30,1,Electronica,8,1807.45,225.93
2024-01-30,2,Informatica,8,4112.25,514.03
2024-01-30,3,Moviles,23,9434.16,410.18
2024-01-30,4,Ropa,14,2935.08,209.65
2024-01-30,5,Hogar,22,6750.59,306.85
2024-01-30,6,Deportes,25,4468.04,178.72
2024-01-30,7,Libros,28,13671.68,488.27
2024-01-30,8,Alimentacion,32,17274.2,539.82
2024-01-31,1,Electronica,30,16649.41,554.98
2024-01-31,2,Informatica,40,14623.95,365.6
2024-01-31,3,Moviles,10,1057.28,105.73
2024-01-31,4,Ropa,31,9747.87,314.45
2024-01-31,5,Hogar,13,5396.76,415.14
2024-01-31,6,Deportes,23,7647.48,332.5
2024-01-31,7,Libros,40,5848.08,146.2
2024-01-31,8,Alimentacion,35,10350.57,295.73
2024-02-01,1,Electronica,23,5401.35,234.84
2024-02-01,2,Informatica,21,6115.81,291.23
2024-02-01,3,Moviles,20,4728.7,236.44
2024-02-01,4,Ropa,40,17112.62,427.82
2024-02-01,5,Hogar,12,2004.15,167.01
2024-02-01,6,Deportes,15,1786.33,119.09
2024-02-01,7,Libros,37,20390.67,551.1
2024-02-01,8,Alimentacion,36,13183.24,366.2
2024-02-02,1,Electronica,33,18191.41,551.25
2024-02-02,2,Informatica,33,9974.58,302.26
2024-02-02,3,Moviles,40,7202.07,180.05
2024-02-02,4,Ropa,10,1708.41,170.84
2024-02-02,5,Hogar,40,5094.76,127.37
2024-02-02,6,Deportes,20,5430.38,271.52
2024-02-02,7,Libros,17,9203.3,541.37
2024-02-02,8,Alimentacion,31,8651.35,279.08
2024-02-03,1,Electronica,38,7189.7,189.2
2024-02-03,2,Informatica,22,5629.04,255.87
2024-02-03,3,Moviles,8,2712.29,339.04
2024-02-03,4,Ropa,28,4072.72,145.45
2024-02-03,5,Hogar,37,13142.3,355.2
2024-02-03,6,Deportes,18,2306.72,128.15
2024-02-03,7,Libros,20,5599.43,279.97
2024-02-03,8,Alimentacion,33,10050.32,304.56
2024-02-04,1,Electronica,24,12511.57,521.32
2024-02-04,2,Informatica,6,877.01,146.17
2024-02-04,3,Moviles,32,14366.28,448.95
2024-02-04,4,Ropa,35,20422.72,583.51
2024-02-04,5,Hogar,36,2883.35,80.09
2024-02-04,6,Deportes,30,16911.72,563.72
2024-02-04,7,Libros,38,19943.94,524.84
2024-02-04,8,Alimentacion,33,6903.66,209.2
2024-02-05,1,Electronica,11,2160.14,196.38
2024-02-05,2,Informatica,14,4922.82,351.63
2024-02-05,3,Moviles,11,6265.33,569.58
2024-02-05,4,Ropa,34,4222.86,124.2
2024-02-05,5,Hogar,7,564.97,80.71
2024-02-05,6,Deportes,13,2612.22,200.94
2024-02-05,7,Libros,7,2909.64,415.66
2024-02-05,8,Alimentacion,24,13931.19,580.47
2024-02-06,1,Electronica,21,7448.52,354.69
2024-02-06,2,Informatica,32,14184.4,443.26
2024-02-06,3,Moviles,12,1580.54,131.71
2024-02-06,4,Ropa,24,8464.97,352.71
2024-02-06,5,Hogar,17,4790.64,281.8
2024-02-06,6,Deportes,19,9330.01,491.05
2024-02-06,7,Libros,5,427.2,85.44
2024-02-06,8,Alimentacion,24,14354.75,598.11
2024-02-07,1,Electronica,22,12730.27,578.65
2024-02-07,2,Informatica,20,6543.16,327.16
2024-02-07,3,Moviles,20,7288.82,364.44
2024-02-07,4,Ropa,6,3477.12,579.52
2024-02-07,5,Hogar,24,2610.25,108.76
2024-02-07,6,Deportes,17,5765.06,339.12
2024-02-07,7,Libros,31,3787.2,122.17
2024-02-07,8,Alimentacion,19,8113.47,427.02
2024-02-08,1,Electronica,28,5542.01,197.93
2024-02-08,2,Informatica,7,3092.79,441.83
2024-02-08,3,Moviles,31,8320.6,268.41
2024-02-08,4,Ropa,30,5490.04,183.0
2024-02-08,5,Hogar,23,10679.99,464.35
2024-02-08,6,Deportes,37,4257.4,115.06
2024-02-08,7,Libros,36,21035.76,584.33
2024-02-08,8,Alimentacion,24,11477.9,478.25
2024-02-09,1,Electronica,17,3400.35,200.02
2024-02-09,2,Informatica,19,4138.42,217.81
2024-02-09,3,Moviles,23,3143.74,136.68
2024-02-09,4,Ropa,36,14301.04,397.25
2024-02-09,5,Hogar,19,6312.32,332.23
2024-02-09,6,Deportes,8,4586.85,573.36
2024-02-09,7,Libros,14,7831.6,559.4
2024-02-09,8,Alimentacion,8,1525.87,190.73
2024-02-10,1,Electronica,14,4144.0,296.0
2024-02-10,2,Informatica,8,1405.88,175.74
2024-02-10,3,Moviles,33,18052.55,547.05
2024-02-10,4,Ropa,25,11525.41,461.02
2024-02-10,5,Hogar,10,5644.3,564.43
2024-02-10,6,Deportes,26,4658.04,179.16
2024-02-10,7,Libros,38,17787.05,468.08
2024-02-10,8,Alimentacion,7,1695.05,242.15
2024-02-11,1,Electronica,29,14974.04,516.35
2024-02-11,2,Informatica,26,8061.72,310.07
2024-02-11,3,Moviles,11,896.42,81.49
2024-02-11,4,Ropa,22,2683.93,122.0
2024-02-11,5,Hogar,31,17882.9,576.87
2024-02-11,6,Deportes,12,4461.44,371.79
2024-02-11,7,Libros,18,4998.01,277.67
2024-02-11,8,Alimentacion,24,12178.66,507.44
2024-02-12,1,Electronica,32,4020.33,125.64
2024-02-12,2,Informatica,35,6362.03,181.77
2024-02-12,3,Moviles,39,21767.59,558.14
2024-02-12,4,Ropa,17,4218.05,248.12
2024-02-12,5,Hogar,35,3351.13,95.75
2024-02-12,6,Deportes,31,6477.97,208.97
2024-02-12,7,Libros,30,3034.13,101.14
2024-02-12,8,Alimentacion,7,2249.14,321.31
2024-02-13,1,Electronica,8,1709.19,213.65
2024-02-13,2,Informatica,9,4925.22,547.25
2024-02-13,3,Moviles,26,6987.41,268.75
2024-02-13,4,Ropa,26,15027.96,578.0
2024-02-13,5,Hogar,7,1514.31,216.33
2024-02-13,6,Deportes,25,14014.96,560.6
2024-02-13,7,Libros,24,1967.07,81.96
2024-02-13,8,Alimentacion,9,833.52,92.61
2024-02-14,1,Electronica,19,2579.74,135.78
2024-02-14,2,Informatica,34,19585.14,576.03
2024-02-14,3,Moviles,29,14230.17,490.7
2024-02-14,4,Ropa,32,16118.28,503.7
2024-02-14,5,Hogar,13,7313.95,562.61
2024-02-14,6,Deportes,16,1352.43,84.53
2024-02-14,7,Libros,24,12187.99,507.83
2024-02-14,8,Alimentacion,14,5540.81,395.77
2024-02-15,1,Electronica,25,13196.15,527.85
2024-02-15,2,Informatica,34,9117.66,268.17
2024-02-15,3,Moviles,10,3461.8,346.18
2024-02-15,4,Ropa,30,14145.02,471.5
2024-02-15,5,Hogar,20,5840.67,292.03
2024-02-15,6,Deportes,7,2313.35,330.48
2024-02-15,7,Libros,39,9726.38,249.39
2024-02-15,8,Alimentacion,32,17261.02,539.41
2024-02-16,1,Electronica,9,1959.69,217.74
2024-02-16,2,Informatica,10,1883.37,188.34
2024-02-16,3,Moviles,31,10515.42,339.21
2024-02-16,4,Ropa,33,5611.97,170.06
2024-02-16,5,Hogar,13,3857.84,296.76
2024-02-16,6,Deportes,20,9378.96,468.95
2024-02-16,7,Libros,12,5825.64,485.47
2024-02-16,8,Alimentacion,23,5353.63,232.77
2024-02-17,1,Electronica,22,6026.79,273.94
2024-02-17,2,Informatica,21,3855.16,183.58
2024-02-17,3,Moviles,20,3531.66,176.58
2024-02-17,4,Ropa,20,3194.55,159.73
2024-02-17,5,Hogar,17,4244.83,249.7
2024-02-17,6,Deportes,30,6325.8,210.86
2024-02-17,7,Libros,20,6876.17,343.81
2024-02-17,8,Alimentacion,19,7938.45,417.81
2024-02-18,1,Electronica,11,4617.03,419.73
2024-02-18,2,Informatica,7,932.49,133.21
2024-02-18,3,Moviles,35,18867.42,539.07
2024-02-18,4,Ropa,19,9824.7,517.09
2024-02-18,5,Hogar,28,2827.67,100.99
2024-02-18,6,Deportes,23,4625.4,201.1
2024-02-18,7,Libros,8,1428.62,178.58
2024-02-18,8,Alimentacion,17,9582.74,563.69
2024-02-19,1,Electronica,28,9704.46,346.59
2024-02-19,2,Informatica,16,5016.63,313.54
2024-02-19,3,Moviles,21,10142.98,483.0
2024-02-19,4,Ropa,5,675.03,135.01
2024-02-19,5,Hogar,27,5215.74,193.18
2024-02-19,6,Deportes,28,7190.64,256.81
2024-02-19,7,Libros,7,1302.47,186.07
2024-02-19,8,Alimentacion,21,2097.54,99.88
2024-02-20,1,Electronica,18,9066.0,503.67
2024-02-20,2,Informatica,25,7316.93,292.68
2024-02-20,3,Moviles,28,4935.71,176.28
2024-02-20,4,Ropa,24,2892.63,120.53
2024-02-20,5,Hogar,7,3454.82,493.55
2024-02-20,6,Deportes,40,13256.95,331.42
2024-02-20,7,Libros,31,4114.37,132.72
2024-02-20,8,Alimentacion,30,12758.81,425.29
2024-02-21,1,Electronica,14,5773.24,412.37
2024-02-21,2,Informatica,10,4195.9,419.59
2024-02-21,3,Moviles,30,13248.33,441.61
2024-02-21,4,Ropa,31,18410.41,593.88
2024-02-21,5,Hogar,24,7134.71,297.28
2024-02-21,6,Deportes,8,1939.43,242.43
2024-02-21,7,Libros,27,7973.68,295.32
2024-02-21,8,Alimentacion,6,3176.45,529.41
2024-02-22,1,Electronica,28,11623.6,415.13
2024-02-22,2,Informatica,30,13757.29,458.58
2024-02-22,3,Moviles,18,10257.0,569.83
2024-02-22,4,Ropa,32,17563.13,548.85
2024-02-22,5,Hogar,32,4449.29,139.04
2024-02-22,6,Deportes,10,2912.33,291.23
2024-02-22,7,Libros,28,8950.79,319.67
2024-02-22,8,Alimentacion,15,2213.81,147.59
2024-02-23,1,Electronica,8,2934.44,366.81
2024-02-23,2,Informatica,30,3788.89,126.3
2024-02-23,3,Moviles,28,12974.34,463.37
2024-02-23,4,Ropa,15,2337.92,155.86
2024-02-23,5,Hogar,23,3775.3,164.14
2024-02-23,6,Deportes,15,8418.9,561.26
2024-02-23,7,Libros,11,3074.96,279.54
2024-02-23,8,Alimentacion,17,4026.28,236.84
2024-02-24,1,Electronica,7,4110.99,587.28
2024-02-24,2,Informatica,35,8524.37,243.55
2024-02-24,3,Moviles,29,3621.32,124.87
2024-02-24,4,Ropa,15,6194.53,412.97
2024-02-24,5,Hogar,19,7656.0,402.95
2024-02-24,6,Deportes,17,8690.02,511.18
2024-02-24,7,Libros,16,5984.35,374.02
2024-02-24,8,Alimentacion,7,2015.07,287.87
2024-02-25,1,Electronica,38,6132.02,161.37
2024-02-25,2,Informatica,27,3887.72,143.99
2024-02-25,3,Moviles,20,11695.2,584.76
2024-02-25,4,Ropa,17,1723.32,101.37
2024-02-25,5,Hogar,40,20723.69,518.09
2024-02-25,6,Deportes,7,2991.14,427.31
2024-02-25,7,Libros,25,3530.5,141.22
2024-02-25,8,Alimentacion,34,12444.92,366.03
2024-02-26,1,Electronica,24,10019.87,417.49
2024-02-26,2,Informatica,24,9191.16,382.96
2024-02-26,3,Moviles,32,9036.49,282.39
2024-02-26,4,Ropa,28,8745.25,312.33
2024-02-26,5,Hogar,33,5707.59,172.96
2024-02-26,6,Deportes,5,2009.12,401.82
2024-02-26,7,Libros,36,11589.91,321.94
2024-02-26,8,Alimentacion,33,15742.78,477.05
2024-02-27,1,Electronica,34,17510.12,515.0
2024-02-27,2,Informatica,35,10086.23,288.18
2024-02-27,3,Moviles,9,1321.17,146.8
2024-02-27,4,Ropa,32,8639.13,269.97
2024-02-27,5,Hogar,33,11294.51,342.26
2024-02-27,6,Deportes,7,707.97,101.14
2024-02-27,7,Libros,13,1595.95,122.77
2024-02-27,8,Alimentacion,25,12109.27,484.37
2024-02-28,1,Electronica,37,4498.58,121.58
2024-02-28,2,Informatica,37,20177.25,545.33
2024-02-28,3,Moviles,13,1214.79,93.45
2024-02-28,4,Ropa,9,5381.86,597.98
2024-02-28,5,Hogar,12,2168.73,180.73
2024-02-28,6,Deportes,36,8269.14,229.7
2024-02-28,7,Libros,15,6551.84,436.79
2024-02-28,8,Alimentacion,19,2167.3,114.07
2024-02-29,1,Electronica,27,10730.64,397.43
2024-02-29,2,Informatica,21,3413.74,162.56
2024-02-29,3,Moviles,22,12113.91,550.63
2024-02-29,4,Ropa,34,5258.36,154.66
2024-02-29,5,Hogar,37,21513.67,581.45
2024-02-29,6,Deportes,35,6591.48,188.33
2024-02-29,7,Libros,21,8405.26,400.25
2024-02-29,8,Alimentacion,20,4918.41,245.92
2024-03-01,1,Electronica,7,1284.15,183.45
2024-03-01,2,Informatica,30,4915.18,163.84
2024-03-01,3,Moviles,22,9535.54,433.43
2024-03-01,4,Ropa,29,4864.63,167.75
2024-03-01,5,Hogar,21,2936.66,139.84
2024-03-01,6,Deportes,38,3999.77,105.26
2024-03-01,7,Libros,28,16307.22,582.4
2024-03-01,8,Alimentacion,33,12166.89,368.69
2024-03-02,1,Electronica,11,2321.62,211.06
2024-03-02,2,Informatica,39,15891.86,407.48
2024-03-02,3,Moviles,30,13911.6,463.72
2024-03-02,4,Ropa,28,6094.82,217.67
2024-03-02,5,Hogar,28,10646.37,380.23
2024-03-02,6,Deportes,28,7056.87,252.03
2024-03-02,7,Libros,10,3099.86,309.99
2024-03-02,8,Alimentacion,16,6399.91,399.99
2024-03-03,1,Electronica,8,1872.95,234.12
2024-03-03,2,Informatica,38,8052.17,211.9
2024-03-03,3,Moviles,25,11529.5,461.18
2024-03-03,4,Ropa,7,1366.76,195.25
2024-03-03,5,Hogar,23,9207.98,400.35
2024-03-03,6,Deportes,32,9510.31,297.2
2024-03-03,7,Libros,28,15279.1,545.68
2024-03-03,8,Alimentacion,13,4341.55,333.97
2024-03-04,1,Electronica,7,641.13,91.59
2024-03-04,2,Informatica,5,1874.52,374.9
2024-03-04,3,Moviles,24,3247.41,135.31
2024-03-04,4,Ropa,27,9658.95,357.74
2024-03-04,5,Hogar,31,11887.49,383.47
2024-03-04,6,Deportes,13,2420.29,186.18
2024-03-04,7,Libros,35,5686.95,162.48
2024-03-04,8,Alimentacion,5,2835.14,567.03
2024-03-05,1,Electronica,20,8957.72,447.89
2024-03-05,2,Informatica,33,4284.01,129.82
2024-03-05,3,Moviles,14,7462.96,533.07
2024-03-05,4,Ropa,22,6358.34,289.02
2024-03-05,5,Hogar,21,12241.12,582.91
2024-03-05,6,Deportes,8,3322.98,415.37
2024-03-05,7,Libros,40,21767.67,544.19
2024-03-05,8,Alimentacion,33,12968.29,392.98
2024-03-06,1,Electronica,38,17534.4,461.43
2024-03-06,2,Informatica,20,3317.03,165.85
2024-03-06,3,Moviles,5,514.41,102.88
2024-03-06,4,Ropa,39,3631.57,93.12
2024-03-06,5,Hogar,16,3257.4,203.59
2024-03-06,6,Deportes,8,4432.85,554.11
2024-03-06,7,Libros,11,950.64,86.42
2024-03-06,8,Alimentacion,40,16861.44,421.54
2024-03-07,1,Electronica,17,2617.64,153.98
2024-03-07,2,Informatica,17,5941.4,349.49
2024-03-07,3,Moviles,37,15419.76,416.75
2024-03-07,4,Ropa,31,15591.7,502.96
2024-03-07,5,Hogar,16,5511.35,344.46
2024-03-07,6,Deportes,9,2125.25,236.14
2024-03-07,7,Libros,8,4775.3,596.91
2024-03-07,8,Alimentacion,35,15820.25,452.01
2024-03-08,1,Electronica,5,1375.41,275.08
2024-03-08,2,Informatica,32,14959.92,467.5
2024-03-08,3,Moviles,34,4142.86,121.85
2024-03-08,4,Ropa,33,5649.72,171.2
2024-03-08,5,Hogar,11,2375.36,215.94
2024-03-08,6,Deportes,7,1008.69,144.1
2024-03-08,7,Libros,21,9451.59,450.08
2024-03-08,8,Alimentacion,22,9034.31,410.65
2024-03-09,1,Electronica,32,13970.61,436.58
2024-03-09,2,Informatica,38,22244.58,585.38
2024-03-09,3,Moviles,23,9518.36,413.84
2024-03-09,4,Ropa,18,2239.54,124.42
2024-03-09,5,Hogar,37,3252.98,87.92
2024-03-09,6,Deportes,21,11559.35,550.45
2024-03-09,7,Libros,17,9711.13,571.24
2024-03-09,8,Alimentacion,25,4495.18,179.81
2024-03-10,1,Electronica,29,7274.59,250.85
2024-03-10,2,Informatica,20,5546.27,277.31
2024-03-10,3,Moviles,39,12641.32,324.14
2024-03-10,4,Ropa,38,16824.94,442.76
2024-03-10,5,Hogar,6,1844.11,307.35
2024-03-10,6,Deportes,19,7154.96,376.58
2024-03-10,7,Libros,24,11769.25,490.39
2024-03-10,8,Alimentacion,30,12112.9,403.76
2024-03-11,1,Electronica,9,3365.16,373.91
2024-03-11,2,Informatica,15,2327.84,155.19
2024-03-11,3,Moviles,6,829.11,138.19
2024-03-11,4,Ropa,15,3889.94,259.33
2024-03-11,5,Hogar,14,6221.39,444.39
2024-03-11,6,Deportes,6,609.95,101.66
2024-03-11,7,Libros,7,3097.11,442.44
2024-03-11,8,Alimentacion,7,799.39,114.2
2024-03-12,1,Electronica,28,5141.99,183.64
2024-03-12,2,Informatica,39,21195.16,543.47
2024-03-12,3,Moviles,9,4837.06,537.45
2024-03-12,4,Ropa,29,3935.31,135.7
2024-03-12,5,Hogar,18,3341.58,185.64
2024-03-12,6,Deportes,7,685.31,97.9
2024-03-12,7,Libros,10,5090.31,509.03
2024-03-12,8,Alimentacion,23,7546.3,328.1
2024-03-13,1,Electronica,13,1701.55,130.89
2024-03-13,2,Informatica,18,4196.14,233.12
2024-03-13,3,Moviles,26,7809.31,300.36
2024-03-13,4,Ropa,6,1574.81,262.47
2024-03-13,5,Hogar,23,2418.96,105.17
2024-03-13,6,Deportes,28,15494.47,553.37
2024-03-13,7,Libros,37,12119.83,327.56
2024-03-13,8,Alimentacion,23,9234.58,401.5
2024-03-14,1,Electronica,6,2941.85,490.31
2024-03-14,2,Informatica,6,1841.72,306.95
2024-03-14,3,Moviles,11,2863.59,260.33
2024-03-14,4,Ropa,8,2877.58,359.7
2024-03-14,5,Hogar,18,8126.69,451.48
2024-03-14,6,Deportes,10,3787.61,378.76
2024-03-14,7,Libros,23,3877.64,168.59
2024-03-14,8,Alimentacion,5,1761.24,352.25
2024-03-15,1,Electronica,23,10955.68,476.33
2024-03-15,2,Informatica,8,658.14,82.27
2024-03-15,3,Moviles,36,4671.3,129.76
2024-03-15,4,Ropa,16,9326.74,582.92
2024-03-15,5,Hogar,27,15599.18,577.75
2024-03-15,6,Deportes,37,7973.46,215.5
2024-03-15,7,Libros,15,3413.09,227.54
2024-03-15,8,Alimentacion,18,10222.39,567.91
2024-03-16,1,Electronica,19,6443.36,339.12
2024-03-16,2,Informatica,12,6817.56,568.13
2024-03-16,3,Moviles,10,3349.52,334.95
2024-03-16,4,Ropa,40,19568.21,489.21
2024-03-16,5,Hogar,25,6623.02,264.92
2024-03-16,6,Deportes,30,16884.67,562.82
2024-03-16,7,Libros,10,2995.08,299.51
2024-03-16,8,Alimentacion,6,1640.48,273.41
2024-03-17,1,Electronica,24,5204.68,216.86
2024-03-17,2,Informatica,39,13284.14,340.62
2024-03-17,3,Moviles,29,17134.74,590.85
2024-03-17,4,Ropa,19,10845.93,570.84
2024-03-17,5,Hogar,13,4633.24,356.4
2024-03-17,6,Deportes,7,1828.49,261.21
2024-03-17,7,Libros,25,8782.52,351.3
2024-03-17,8,Alimentacion,33,14001.64,424.29
2024-03-18,1,Electronica,25,4204.16,168.17
2024-03-18,2,Informatica,33,14464.29,438.31
2024-03-18,3,Moviles,21,8004.53,381.17
2024-03-18,4,Ropa,13,3298.2,253.71
2024-03-18,5,Hogar,20,6880.12,344.01
2024-03-18,6,Deportes,22,5209.25,236.78
2024-03-18,7,Libros,14,6385.89,456.14
2024-03-18,8,Alimentacion,20,9120.86,456.04
2024-03-19,1,Electronica,38,9928.97,261.29
2024-03-19,2,Informatica,20,5011.98,250.6
2024-03-19,3,Moviles,17,3646.8,214.52
2024-03-19,4,Ropa,11,1821.52,165.59
2024-03-19,5,Hogar,11,1997.87,181.62
2024-03-19,6,Deportes,14,8282.3,591.59
2024-03-19,7,Libros,24,11071.49,461.31
2024-03-19,8,Alimentacion,32,7116.37,222.39
2024-03-20,1,Electronica,11,4529.25,411.75
2024-03-20,2,Informatica,11,2486.2,226.02
2024-03-20,3,Moviles,29,9315.86,321.24
2024-03-20,4,Ropa,5,1437.45,287.49
2024-03-20,5,Hogar,32,14098.83,440.59
2024-03-20,6,Deportes,37,21832.16,590.06
2024-03-20,7,Libros,23,7380.82,320.91
2024-03-20,8,Alimentacion,14,2992.51,213.75
2024-03-21,1,Electronica,30,2486.08,82.87
2024-03-21,2,Informatica,20,11043.24,552.16
2024-03-21,3,Moviles,32,14227.33,444.6
2024-03-21,4,Ropa,31,16117.42,519.92
2024-03-21,5,Hogar,19,8234.41,433.39
2024-03-21,6,Deportes,12,3792.35,316.03
2024-03-21,7,Libros,25,5377.51,215.1
2024-03-21,8,Alimentacion,11,5997.94,545.27
2024-03-22,1,Electronica,20,9736.73,486.84
2024-03-22,2,Informatica,15,3150.48,210.03
2024-03-22,3,Moviles,32,10592.85,331.03
2024-03-22,4,Ropa,6,2419.29,403.21
2024-03-22,5,Hogar,31,10834.23,349.49
2024-03-22,6,Deportes,16,8722.19,545.14
2024-03-22,7,Libros,25,12116.33,484.65
2024-03-22,8,Alimentacion,29,14864.62,512.57
2024-03-23,1,Electronica,11,1098.19,99.84
2024-03-23,2,Informatica,39,7538.64,193.3
2024-03-23,3,Moviles,17,5949.9,349.99
2024-03-23,4,Ropa,11,5725.75,520.52
2024-03-23,5,Hogar,34,12285.5,361.34
2024-03-23,6,Deportes,35,12121.88,346.34
2024-03-23,7,Libros,28,9835.78,351.28
2024-03-23,8,Alimentacion,31,14442.81,465.9
2024-03-24,1,Electronica,34,6434.38,189.25
2024-03-24,2,Informatica,16,4545.54,284.1
2024-03-24,3,Moviles,12,5509.62,459.13
2024-03-24,4,Ropa,27,11111.47,411.54
2024-03-24,5,Hogar,21,4675.98,222.67
2024-03-24,6,Deportes,30,3359.46,111.98
2024-03-24,7,Libros,9,2678.97,297.66
2024-03-24,8,Alimentacion,31,12612.46,406.85
2024-03-25,1,Electronica,27,10305.66,381.69
2024-03-25,2,Informatica,11,2163.72,196.7
2024-03-25,3,Moviles,30,17062.93,568.76
2024-03-25,4,Ropa,38,22236.86,585.18
2024-03-25,5,Hogar,30,9609.02,320.3
2024-03-25,6,Deportes,15,2208.53,147.24
2024-03-25,7,Libros,9,4508.8,500.98
2024-03-25,8,Alimentacion,17,5507.36,323.96
2024-03-26,1,Electronica,40,18190.66,454.77
2024-03-26,2,Informatica,14,3690.8,263.63
2024-03-26,3,Moviles,31,10025.79,323.41
2024-03-26,4,Ropa,23,10928.26,475.14
2024-03-26,5,Hogar,13,6311.76,485.52
2024-03-26,6,Deportes,35,9256.38,264.47
2024-03-26,7,Libros,19,4162.15,219.06
2024-03-26,8,Alimentacion,29,12686.77,437.47
2024-03-27,1,Electronica,32,13855.54,432.99
2024-03-27,2,Informatica,35,2849.05,81.4
2024-03-27,3,Moviles,22,5855.26,266.15
2024-03-27,4,Ropa,24,5917.6,246.57
2024-03-27,5,Hogar,36,10901.39,302.82
2024-03-27,6,Deportes,10,4228.18,422.82
2024-03-27,7,Libros,28,4464.09,159.43
2024-03-27,8,Alimentacion,24,12583.48,524.31
2024-03-28,1,Electronica,8,994.76,124.34
2024-03-28,2,Informatica,25,12192.5,487.7
2024-03-28,3,Moviles,13,4627.18,355.94
2024-03-28,4,Ropa,27,11049.6,409.24
2024-03-28,5,Hogar,5,2108.99,421.8
2024-03-28,6,Deportes,18,10348.55,574.92
2024-03-28,7,Libros,23,4830.32,210.01
2024-03-28,8,Alimentacion,11,4188.95,380.81
2024-03-29,1,Electronica,19,3354.36,176.55
2024-03-29,2,Informatica,33,8584.98,260.15
2024-03-29,3,Moviles,14,2638.18,188.44
2024-03-29,4,Ropa,30,14750.12,491.67
2024-03-29,5,Hogar,15,5954.2,396.95
2024-03-29,6,Deportes,10,4275.98,427.6
2024-03-29,7,Libros,40,19591.94,489.8
2024-03-29,8,Alimentacion,24,4383.18,182.63
2024-03-30,1,Electronica,18,6408.25,356.01
2024-03-30,2,Informatica,33,14158.28,429.04
2024-03-30,3,Moviles,12,4423.6,368.63
2024-03-30,4,Ropa,21,6255.9,297.9
2024-03-30,5,Hogar,13,4239.11,326.09
2024-03-30,6,Deportes,40,4415.85,110.4
2024-03-30,7,Libros,34,18728.59,550.84
2024-03-30,8,Alimentacion,36,7495.73,208.21
2024-03-31,1,Electronica,15,5408.43,360.56
2024-03-31,2,Informatica,5,816.93,163.39
2024-03-31,3,Moviles,25,8083.49,323.34
2024-03-31,4,Ropa,36,15334.43,425.96
2024-03-31,5,Hogar,34,9349.26,274.98
2024-03-31,6,Deportes,31,18599.2,599.97
2024-03-31,7,Libros,9,1564.83,173.87
2024-03-31,8,Alimentacion,28,11502.0,410.79
2024-04-01,1,Electronica,6,544.15,90.69
2024-04-01,2,Informatica,7,3044.62,434.95
2024-04-01,3,Moviles,26,13012.27,500.47
2024-04-01,4,Ropa,11,3800.78,345.53
2024-04-01,5,Hogar,36,17054.26,473.73
2024-04-01,6,Deportes,14,1366.77,97.63
2024-04-01,7,Libros,31,12559.48,405.14
2024-04-01,8,Alimentacion,26,3357.17,129.12
2024-04-02,1,Electronica,28,7209.49,257.48
2024-04-02,2,Informatica,38,13989.52,368.15
2024-04-02,3,Moviles,18,4099.65,227.76
2024-04-02,4,Ropa,26,7790.69,299.64
2024-04-02,5,Hogar,40,4296.58,107.41
2024-04-02,6,Deportes,23,5342.88,232.3
2024-04-02,7,Libros,36,10437.82,289.94
2024-04-02,8,Alimentacion,37,21897.68,591.83
2024-04-03,1,Electronica,37,9594.15,259.3
2024-04-03,2,Informatica,18,7566.67,420.37
2024-04-03,3,Moviles,12,3024.79,252.07
2024-04-03,4,Ropa,25,11271.35,450.85
2024-04-03,5,Hogar,13,5004.41,384.95
2024-04-03,6,Deportes,10,4877.92,487.79
2024-04-03,7,Libros,7,2011.92,287.42
2024-04-03,8,Alimentacion,40,21620.51,540.51
2024-04-04,1,Electronica,39,14761.61,378.5
2024-04-04,2,Informatica,30,7086.34,236.21
2024-04-04,3,Moviles,5,520.63,104.13
2024-04-04,4,Ropa,35,13878.08,396.52
2024-04-04,5,Hogar,8,3922.35,490.29
2024-04-04,6,Deportes,39,15526.09,398.1
2024-04-04,7,Libros,14,5683.21,405.94
2024-04-04,8,Alimentacion,10,1905.01,190.5
2024-04-05,1,Electronica,34,13774.91,405.14
2024-04-05,2,Informatica,16,2123.33,132.71
2024-04-05,3,Moviles,16,8511.79,531.99
2024-04-05,4,Ropa,31,14965.5,482.76
2024-04-05,5,Hogar,5,1359.06,271.81
2024-04-05,6,Deportes,13,6357.01,489.0
2024-04-05,7,Libros,40,17970.76,449.27
2024-04-05,8,Alimentacion,24,4226.01,176.08
2024-04-06,1,Electronica,7,1719.26,245.61
2024-04-06,2,Informatica,32,11983.78,374.49
2024-04-06,3,Moviles,8,2710.7,338.84
2024-04-06,4,Ropa,38,3818.14,100.48
2024-04-06,5,Hogar,12,5788.37,482.36
2024-04-06,6,Deportes,31,11754.18,379.17
2024-04-06,7,Libros,30,9364.96,312.17
2024-04-06,8,Alimentacion,5,2167.9,433.58
2024-04-07,1,Electronica,14,4581.26,327.23
2024-04-07,2,Informatica,31,11326.74,365.38
2024-04-07,3,Moviles,10,4151.43,415.14
2024-04-07,4,Ropa,18,9824.43,545.8
2024-04-07,5,Hogar,5,1510.2,302.04
2024-04-07,6,Deportes,5,2177.78,435.56
2024-04-07,7,Libros,12,7116.68,593.06
2024-04-07,8,Alimentacion,10,1934.88,193.49
2024-04-08,1,Electronica,12,1764.76,147.06
2024-04-08,2,Informatica,6,1339.39,223.23
2024-04-08,3,Moviles,20,6288.08,314.4
2024-04-08,4,Ropa,16,8957.72,559.86
2024-04-08,5,Hogar,28,13509.78,482.49
2024-04-08,6,Deportes,14,6432.37,459.45
2024-04-08,7,Libros,10,2324.35,232.44
2024-04-08,8,Alimentacion,40,17952.09,448.8
2024-04-09,1,Electronica,34,14557.49,428.16
2024-04-09,2,Informatica,21,11655.65,555.03
2024-04-09,3,Moviles,8,3623.59,452.95
2024-04-09,4,Ropa,5,557.43,111.49
2024-04-09,5,Hogar,10,2822.53,282.25
2024-04-09,6,Deportes,24,11023.44,459.31
2024-04-09,7,Libros,15,8670.05,578.0
2024-04-09,8,Alimentacion,36,14279.51,396.65
2024-04-10,1,Electronica,25,6778.35,271.13
2024-04-10,2,Informatica,33,10701.8,324.3
2024-04-10,3,Moviles,15,2330.27,155.35
2024-04-10,4,Ropa,12,3226.78,268.9
2024-04-10,5,Hogar,15,6111.71,407.45
2024-04-10,6,Deportes,31,10168.63,328.02
2024-04-10,7,Libros,33,18854.86,571.36
2024-04-10,8,Alimentacion,26,6033.09,232.04
2024-04-11,1,Electronica,8,3226.88,403.36
2024-04-11,2,Informatica,26,13836.43,532.17
2024-04-11,3,Moviles,5,2561.35,512.27
2024-04-11,4,Ropa,24,9216.66,384.03
2024-04-11,5,Hogar,20,5517.44,275.87
2024-04-11,6,Deportes,29,11394.87,392.93
2024-04-11,7,Libros,19,9497.92,499.89
2024-04-11,8,Alimentacion,23,10075.11,438.05
2024-04-12,1,Electronica,25,5419.58,216.78
2024-04-12,2,Informatica,32,5177.15,161.79
2024-04-12,3,Moviles,7,1610.22,230.03
2024-04-12,4,Ropa,14,7029.56,502.11
2024-04-12,5,Hogar,14,3113.62,222.4
2024-04-12,6,Deportes,40,17440.49,436.01
2024-04-12,7,Libros,36,9373.09,260.36
2024-04-12,8,Alimentacion,10,3607.9,360.79
2024-04-13,1,Electronica,36,17807.11,494.64
2024-04-13,2,Informatica,17,8323.18,489.6
2024-04-13,3,Moviles,19,4577.57,240.92
2024-04-13,4,Ropa,8,3459.07,432.38
2024-04-13,5,Hogar,34,15243.44,448.34
2024-04-13,6,Deportes,21,8083.36,384.92
2024-04-13,7,Libros,5,2458.33,491.67
2024-04-13,8,Alimentacion,34,12277.13,361.09
2024-04-14,1,Electronica,39,19477.34,499.42
2024-04-14,2,Informatica,9,1809.81,201.09
2024-04-14,3,Moviles,38,20763.32,546.4
2024-04-14,4,Ropa,38,9382.82,246.92
2024-04-14,5,Hogar,37,14298.68,386.45
2024-04-14,6,Deportes,17,3240.21,190.6
2024-04-14,7,Libros,10,1739.61,173.96
2024-04-14,8,Alimentacion,23,6179.4,268.67
2024-04-15,1,Electronica,27,7810.98,289.3
2024-04-15,2,Informatica,38,19973.35,525.61
2024-04-15,3,Moviles,20,2063.78,103.19
2024-04-15,4,Ropa,36,9882.04,274.5
2024-04-15,5,Hogar,11,3005.94,273.27
2024-04-15,6,Deportes,34,16640.3,489.42
2024-04-15,7,Libros,14,3418.95,244.21
2024-04-15,8,Alimentacion,6,1556.16,259.36
2024-04-16,1,Electronica,38,15037.02,395.71
2024-04-16,2,Informatica,11,1072.07,97.46
2024-04-16,3,Moviles,36,13863.23,385.09
2024-04-16,4,Ropa,18,3888.55,216.03
2024-04-16,5,Hogar,22,6632.87,301.49
2024-04-16,6,Deportes,33,15805.99,478.97
2024-04-16,7,Libros,13,2757.01,212.08
2024-04-16,8,Alimentacion,7,1793.39,256.2
2024-04-17,1,Electronica,16,4426.64,276.67
2024-04-17,2,Informatica,6,639.11,106.52
2024-04-17,3,Moviles,40,10888.37,272.21
2024-04-17,4,Ropa,34,11327.25,333.15
2024-04-17,5,Hogar,9,4758.7,528.74
2024-04-17,6,Deportes,30,16785.61,559.52
2024-04-17,7,Libros,10,2137.41,213.74
2024-04-17,8,Alimentacion,19,7849.45,413.13
2024-04-18,1,Electronica,37,10523.6,284.42
2024-04-18,2,Informatica,33,17220.76,521.84
2024-04-18,3,Moviles,28,16301.59,582.2
2024-04-18,4,Ropa,19,3220.58,169.5
2024-04-18,5,Hogar,21,11957.55,569.41
2024-04-18,6,Deportes,8,4395.46,549.43
2024-04-18,7,Libros,6,3092.12,515.35
2024-04-18,8,Alimentacion,8,1712.88,214.11
2024-04-19,1,Electronica,37,16612.86,449.0
2024-04-19,2,Informatica,35,3814.97,109.0
2024-04-19,3,Moviles,14,3432.73,245.19
2024-04-19,4,Ropa,5,2842.39,568.48
2024-04-19,5,Hogar,24,9280.53,386.69
2024-04-19,6,Deportes,33,15645.53,474.11
2024-04-19,7,Libros,11,3572.55,324.78
2024-04-19,8,Alimentacion,28,5982.07,213.65
2024-04-20,1,Electronica,12,3299.89,274.99
2024-04-20,2,Informatica,29,4862.14,167.66
2024-04-20,3,Moviles,20,9998.56,499.93
2024-04-20,4,Ropa,5,1616.54,323.31
2024-04-20,5,Hogar,17,8421.83,495.4
2024-04-20,6,Deportes,15,8435.9,562.39
2024-04-20,7,Libros,19,2288.53,120.45
2024-04-20,8,Alimentacion,28,15179.58,542.13
2024-04-21,1,Electronica,13,6301.41,484.72
2024-04-21,2,Informatica,11,6176.38,561.49
2024-04-21,3,Moviles,29,15021.12,517.97
2024-04-21,4,Ropa,9,2836.92,315.21
2024-04-21,5,Hogar,26,6441.09,247.73
2024-04-21,6,Deportes,19,6238.08,328.32
2024-04-21,7,Libros,28,4318.7,154.24
2024-04-21,8,Alimentacion,19,8792.3,462.75
2024-04-22,1,Electronica,16,7218.19,451.14
2024-04-22,2,Informatica,40,21697.79,542.44
2024-04-22,3,Moviles,33,17581.61,532.78
2024-04-22,4,Ropa,22,6544.93,297.5
2024-04-22,5,Hogar,20,3219.14,160.96
2024-04-22,6,Deportes,22,8292.13,376.91
2024-04-22,7,Libros,23,5840.73,253.94
2024-04-22,8,Alimentacion,15,3233.24,215.55
2024-04-23,1,Electronica,11,2699.34,245.39
2024-04-23,2,Informatica,35,4877.86,139.37
2024-04-23,3,Moviles,37,4053.85,109.56
2024-04-23,4,Ropa,18,6681.06,371.17
2024-04-23,5,Hogar,23,3265.5,141.98
2024-04-23,6,Deportes,17,9940.99,584.76
2024-04-23,7,Libros,32,19050.59,595.33
2024-04-23,8,Alimentacion,20,11220.83,561.04
2024-04-24,1,Electronica,11,3111.63,282.88
2024-04-24,2,Informatica,31,16926.74,546.02
2024-04-24,3,Moviles,8,4102.46,512.81
2024-04-24,4,Ropa,23,3566.44,155.06
2024-04-24,5,Hogar,6,1859.38,309.9
2024-04-24,6,Deportes,37,9519.03,257.27
2024-04-24,7,Libros,13,4034.74,310.36
2024-04-24,8,Alimentacion,38,8699.15,228.92
2024-04-25,1,Electronica,28,8577.23,306.33
2024-04-25,2,Informatica,31,5998.43,193.5
2024-04-25,3,Moviles,16,2428.78,151.8
2024-04-25,4,Ropa,16,5620.15,351.26
2024-04-25,5,Hogar,19,8550.79,450.04
2024-04-25,6,Deportes,17,6669.76,392.34
2024-04-25,7,Libros,10,5424.49,542.45
2024-04-25,8,Alimentacion,36,17131.16,475.87
2024-04-26,1,Electronica,16,2994.19,187.14
2024-04-26,2,Informatica,17,6513.13,383.13
2024-04-26,3,Moviles,17,1448.72,85.22
2024-04-26,4,Ropa,38,11104.51,292.22
2024-04-26,5,Hogar,8,2796.79,349.6
2024-04-26,6,Deportes,27,6866.48,254.31
2024-04-26,7,Libros,36,4570.98,126.97
2024-04-26,8,Alimentacion,31,17152.68,553.31
2024-04-27,1,Electronica,35,5225.73,149.31
2024-04-27,2,Informatica,22,4601.01,209.14
2024-04-27,3,Moviles,28,2773.93,99.07
2024-04-27,4,Ropa,28,10610.83,378.96
2024-04-27,5,Hogar,5,1326.01,265.2
2024-04-27,6,Deportes,33,19263.49,583.74
2024-04-27,7,Libros,9,1285.21,142.8
2024-04-27,8,Alimentacion,20,10091.97,504.6
2024-04-28,1,Electronica,25,12128.62,485.14
2024-04-28,2,Informatica,29,11010.78,379.68
2024-04-28,3,Moviles,8,1852.81,231.6
2024-04-28,4,Ropa,11,6337.18,576.11
2024-04-28,5,Hogar,36,11237.34,312.15
2024-04-28,6,Deportes,6,2135.19,355.87
2024-04-28,7,Libros,39,5845.06,149.87
2024-04-28,8,Alimentacion,20,11661.23,583.06
2024-04-29,1,Electronica,19,7636.5,401.92
2024-04-29,2,Informatica,15,2000.87,133.39
2024-04-29,3,Moviles,21,7744.53,368.79
2024-04-29,4,Ropa,6,540.69,90.12
2024-04-29,5,Hogar,17,3670.95,215.94
2024-04-29,6,Deportes,34,11965.07,351.91
2024-04-29,7,Libros,33,4405.16,133.49
2024-04-29,8,Alimentacion,11,4981.8,452.89
2024-04-30,1,Electronica,7,1553.77,221.97
2024-04-30,2,Informatica,34,11446.7,336.67
2024-04-30,3,Moviles,37,17611.48,475.99
2024-04-30,4,Ropa,12,1721.51,143.46
2024-04-30,5,Hogar,30,16197.23,539.91
2024-04-30,6,Deportes,39,15121.95,387.74
2024-04-30,7,Libros,19,2974.54,156.55
2024-04-30,8,Alimentacion,34,15919.51,468.22
2024-05-01,1,Electronica,15,8595.92,573.06
2024-05-01,2,Informatica,6,3405.25,567.54
2024-05-01,3,Moviles,29,12783.55,440.81
2024-05-01,4,Ropa,38,3755.46,98.83
2024-05-01,5,Hogar,8,3871.93,483.99
2024-05-01,6,Deportes,26,7497.56,288.37
2024-05-01,7,Libros,26,11753.95,452.08
2024-05-01,8,Alimentacion,25,12595.56,503.82
2024-05-02,1,Electronica,40,4313.91,107.85
2024-05-02,2,Informatica,38,5937.39,156.25
2024-05-02,3,Moviles,27,5659.95,209.63
2024-05-02,4,Ropa,32,13594.29,424.82
2024-05-02,5,Hogar,5,1347.52,269.5
2024-05-02,6,Deportes,38,6744.92,177.5
2024-05-02,7,Libros,25,7629.53,305.18
2024-05-02,8,Alimentacion,37,15834.26,427.95
2024-05-03,1,Electronica,19,2897.34,152.49
2024-05-03,2,Informatica,30,14514.64,483.82
2024-05-03,3,Moviles,34,13915.18,409.27
2024-05-03,4,Ropa,7,685.12,97.87
2024-05-03,5,Hogar,22,12261.11,557.32
2024-05-03,6,Deportes,22,8947.17,406.69
2024-05-03,7,Libros,7,2821.38,403.05
2024-05-03,8,Alimentacion,21,3008.96,143.28
2024-05-04,1,Electronica,5,1527.6,305.52
2024-05-04,2,Informatica,7,1606.58,229.51
2024-05-04,3,Moviles,24,6257.47,260.73
2024-05-04,4,Ropa,15,2138.97,142.6
2024-05-04,5,Hogar,37,20303.34,548.74
2024-05-04,6,Deportes,10,3225.37,322.54
2024-05-04,7,Libros,39,22019.46,564.6
2024-05-04,8,Alimentacion,33,4766.47,144.44
2024-05-05,1,Electronica,13,7023.89,540.3
2024-05-05,2,Informatica,31,11786.8,380.22
2024-05-05,3,Moviles,22,4544.5,206.57
2024-05-05,4,Ropa,10,4650.1,465.01
2024-05-05,5,Hogar,23,11883.38,516.67
2024-05-05,6,Deportes,19,7945.53,418.19
2024-05-05,7,Libros,17,6209.4,365.26
2024-05-05,8,Alimentacion,28,8950.46,319.66
2024-05-06,1,Electronica,40,9516.99,237.92
2024-05-06,2,Informatica,35,11335.17,323.86
2024-05-06,3,Moviles,24,2306.41,96.1
2024-05-06,4,Ropa,26,5075.77,195.22
2024-05-06,5,Hogar,37,13463.42,363.88
2024-05-06,6,Deportes,30,2585.3,86.18
2024-05-06,7,Libros,27,4438.61,164.39
2024-05-06,8,Alimentacion,20,4969.11,248.46
2024-05-07,1,Electronica,25,8388.3,335.53
2024-05-07,2,Informatica,23,12345.34,536.75
2024-05-07,3,Moviles,18,4205.92,233.66
2024-05-07,4,Ropa,6,974.73,162.46
2024-05-07,5,Hogar,9,3555.73,395.08
2024-05-07,6,Deportes,27,8337.41,308.79
2024-05-07,7,Libros,8,2790.7,348.84
2024-05-07,8,Alimentacion,33,8716.58,264.14
2024-05-08,1,Electronica,11,3859.72,350.88
2024-05-08,2,Informatica,14,4153.95,296.71
2024-05-08,3,Moviles,27,4130.19,152.97
2024-05-08,4,Ropa,17,6808.06,400.47
2024-05-08,5,Hogar,22,11154.46,507.02
2024-05-08,6,Deportes,38,4918.22,129.43
2024-05-08,7,Libros,35,7690.02,219.71
2024-05-08,8,Alimentacion,13,3832.11,294.78
2024-05-09,1,Electronica,11,904.73,82.25
2024-05-09,2,Informatica,40,15385.36,384.63
2024-05-09,3,Moviles,36,10321.08,286.7
2024-05-09,4,Ropa,14,4162.39,297.31
2024-05-09,5,Hogar,22,11744.39,533.84
2024-05-09,6,Deportes,12,3328.47,277.37
2024-05-09,7,Libros,33,14525.76,440.17
2024-05-09,8,Alimentacion,23,10487.81,455.99
2024-05-10,1,Electronica,23,6061.33,263.54
2024-05-10,2,Informatica,38,14013.75,368.78
2024-05-10,3,Moviles,29,12094.87,417.06
2024-05-10,4,Ropa,5,2446.4,489.28
2024-05-10,5,Hogar,36,10006.22,277.95
2024-05-10,6,Deportes,24,4218.96,175.79
2024-05-10,7,Libros,24,11940.85,497.54
2024-05-10,8,Alimentacion,32,12135.2,379.23
2024-05-11,1,Electronica,19,2388.75,125.72
2024-05-11,2,Informatica,26,6458.68,248.41
2024-05-11,3,Moviles,20,11571.14,578.56
2024-05-11,4,Ropa,18,10539.05,585.5
2024-05-11,5,Hogar,5,466.5,93.3
2024-05-11,6,Deportes,21,7849.09,373.77
2024-05-11,7,Libros,36,8492.61,235.91
2024-05-11,8,Alimentacion,39,18806.21,482.21
2024-05-12,1,Electronica,39,15693.44,402.4
2024-05-12,2,Informatica,32,11170.33,349.07
2024-05-12,3,Moviles,38,17407.8,458.1
2024-05-12,4,Ropa,32,9041.57,282.55
2024-05-12,5,Hogar,27,2731.6,101.17
2024-05-12,6,Deportes,27,8521.03,315.59
2024-05-12,7,Libros,5,2158.84,431.77
2024-05-12,8,Alimentacion,38,7570.41,199.22
2024-05-13,1,Electronica,31,8515.58,274.7
2024-05-13,2,Informatica,30,12517.17,417.24
2024-05-13,3,Moviles,14,7525.2,537.51
2024-05-13,4,Ropa,31,10325.81,333.09
2024-05-13,5,Hogar,33,15807.35,479.01
2024-05-13,6,Deportes,26,11430.14,439.62
2024-05-13,7,Libros,10,1687.76,168.78
2024-05-13,8,Alimentacion,25,6766.55,270.66
2024-05-14,1,Electronica,9,4585.82,509.54
2024-05-14,2,Informatica,37,6338.27,171.3
2024-05-14,3,Moviles,23,10091.05,438.74
2024-05-14,4,Ropa,37,20047.88,541.83
2024-05-14,5,Hogar,31,12653.35,408.17
2024-05-14,6,Deportes,38,8768.95,230.76
2024-05-14,7,Libros,37,6957.96,188.05
2024-05-14,8,Alimentacion,17,5004.37,294.37
2024-05-15,1,Electronica,8,3261.21,407.65
2024-05-15,2,Informatica,11,2900.21,263.66
2024-05-15,3,Moviles,7,3077.93,439.7
2024-05-15,4,Ropa,5,2447.85,489.57
2024-05-15,5,Hogar,24,10788.76,449.53
2024-05-15,6,Deportes,40,3281.39,82.03
2024-05-15,7,Libros,24,6881.62,286.73
2024-05-15,8,Alimentacion,11,4233.07,384.82
2024-05-16,1,Electronica,6,1093.55,182.26
2024-05-16,2,Informatica,36,17275.05,479.86
2024-05-16,3,Moviles,22,11725.82,532.99
2024-05-16,4,Ropa,39,13550.73,347.45
2024-05-16,5,Hogar,14,5302.13,378.72
2024-05-16,6,Deportes,31,12180.08,392.91
2024-05-16,7,Libros,14,2261.29,161.52
2024-05-16,8,Alimentacion,37,5011.87,135.46
2024-05-17,1,Electronica,11,1315.46,119.59
2024-05-17,2,Informatica,38,12730.83,335.02
2024-05-17,3,Moviles,34,13557.92,398.76
2024-05-17,4,Ropa,8,3344.42,418.05
2024-05-17,5,Hogar,25,3871.05,154.84
2024-05-17,6,Deportes,20,5279.99,264.0
2024-05-17,7,Libros,15,1456.55,97.1
2024-05-17,8,Alimentacion,11,5795.35,526.85
2024-05-18,1,Electronica,9,2352.82,261.42
2024-05-18,2,Informatica,33,13347.89,404.48
2024-05-18,3,Moviles,6,650.6,108.43
2024-05-18,4,Ropa,30,11489.53,382.98
2024-05-18,5,Hogar,7,2160.29,308.61
2024-05-18,6,Deportes,20,4193.03,209.65
2024-05-18,7,Libros,7,1140.22,162.89
2024-05-18,8,Alimentacion,16,3899.08,243.69
2024-05-19,1,Electronica,34,8089.0,237.91
2024-05-19,2,Informatica,21,12163.52,579.22
2024-05-19,3,Moviles,36,21217.02,589.36
2024-05-19,4,Ropa,9,1856.9,206.32
2024-05-19,5,Hogar,29,12497.64,430.95
2024-05-19,6,Deportes,19,5605.33,295.02
2024-05-19,7,Libros,30,16054.8,535.16
2024-05-19,8,Alimentacion,36,3299.82,91.66
2024-05-20,1,Electronica,20,2509.64,125.48
2024-05-20,2,Informatica,15,3995.49,266.37
2024-05-20,3,Moviles,16,1343.5,83.97
2024-05-20,4,Ropa,23,6576.48,285.93
2024-05-20,5,Hogar,28,3912.75,139.74
2024-05-20,6,Deportes,39,20793.71,533.17
2024-05-20,7,Libros,26,7531.21,289.66
2024-05-20,8,Alimentacion,9,5218.55,579.84
2024-05-21,1,Electronica,32,16301.73,509.43
2024-05-21,2,Informatica,27,9935.93,368.0
2024-05-21,3,Moviles,29,5203.23,179.42
2024-05-21,4,Ropa,23,5959.97,259.13
2024-05-21,5,Hogar,32,3141.0,98.16
2024-05-21,6,Deportes,6,1545.23,257.54
2024-05-21,7,Libros,14,2880.3,205.74
2024-05-21,8,Alimentacion,13,1666.19,128.17
2024-05-22,1,Electronica,22,7993.27,363.33
2024-05-22,2,Informatica,13,4791.64,368.59
2024-05-22,3,Moviles,34,17506.05,514.88
2024-05-22,4,Ropa,20,3255.91,162.8
2024-05-22,5,Hogar,27,5199.33,192.57
2024-05-22,6,Deportes,30,8279.54,275.98
2024-05-22,7,Libros,18,4222.29,234.57
2024-05-22,8,Alimentacion,35,11987.9,342.51
2024-05-23,1,Electronica,19,10000.89,526.36
2024-05-23,2,Informatica,13,7408.51,569.89
2024-05-23,3,Moviles,21,8187.81,389.9
2024-05-23,4,Ropa,33,12722.59,385.53
2024-05-23,5,Hogar,28,10024.67,358.02
2024-05-23,6,Deportes,30,11887.98,396.27
2024-05-23,7,Libros,18,2614.84,145.27
2024-05-23,8,Alimentacion,12,5189.81,432.48
2024-05-24,1,Electronica,10,3621.48,362.15
2024-05-24,2,Informatica,22,10179.13,462.69
2024-05-24,3,Moviles,29,2753.05,94.93
2024-05-24,4,Ropa,14,3382.54,241.61
2024-05-24,5,Hogar,29,13037.43,449.57
2024-05-24,6,Deportes,16,7737.47,483.59
2024-05-24,7,Libros,19,4691.85,246.94
2024-05-24,8,Alimentacion,11,1269.42,115.4
2024-05-25,1,Electronica,28,13963.43,498.69
2024-05-25,2,Informatica,24,4326.45,180.27
2024-05-25,3,Moviles,24,3017.49,125.73
2024-05-25,4,Ropa,23,3348.55,145.59
2024-05-25,5,Hogar,30,6804.88,226.83
2024-05-25,6,Deportes,30,15572.07,519.07
2024-05-25,7,Libros,34,16421.94,483.0
2024-05-25,8,Alimentacion,13,7372.36,567.1
2024-05-26,1,Electronica,16,1526.06,95.38
2024-05-26,2,Informatica,27,14753.09,546.41
2024-05-26,3,Moviles,6,2536.28,422.71
2024-05-26,4,Ropa,34,7112.08,209.18
2024-05-26,5,Hogar,30,7892.97,263.1
2024-05-26,6,Deportes,11,1919.08,174.46
2024-05-26,7,Libros,12,2650.34,220.86
2024-05-26,8,Alimentacion,19,8560.36,450.55
2024-05-27,1,Electronica,7,2032.97,290.42
2024-05-27,2,Informatica,15,4559.48,303.97
2024-05-27,3,Moviles,24,3869.24,161.22
2024-05-27,4,Ropa,7,2570.53,367.22
2024-05-27,5,Hogar,16,5977.05,373.57
2024-05-27,6,Deportes,19,7153.23,376.49
2024-05-27,7,Libros,38,8073.05,212.45
2024-05-27,8,Alimentacion,32,13711.03,428.47
2024-05-28,1,Electronica,27,15296.87,566.55
2024-05-28,2,Informatica,12,6165.87,513.82
2024-05-28,3,Moviles,23,12616.81,548.56
2024-05-28,4,Ropa,8,4692.37,586.55
2024-05-28,5,Hogar,12,1191.7,99.31
2024-05-28,6,Deportes,25,4731.81,189.27
2024-05-28,7,Libros,27,12683.33,469.75
2024-05-28,8,Alimentacion,10,2969.63,296.96
2024-05-29,1,Electronica,30,17970.51,599.02
2024-05-29,2,Informatica,19,4297.92,226.21
2024-05-29,3,Moviles,10,2614.99,261.5
2024-05-29,4,Ropa,32,9924.15,310.13
2024-05-29,5,Hogar,26,11430.71,439.64
2024-05-29,6,Deportes,33,11368.58,344.5
2024-05-29,7,Libros,18,5449.36,302.74
2024-05-29,8,Alimentacion,37,19247.89,520.21
2024-05-30,1,Electronica,13,4349.09,334.55
2024-05-30,2,Informatica,17,1746.23,102.72
2024-05-30,3,Moviles,40,8632.91,215.82
2024-05-30,4,Ropa,39,6439.76,165.12
2024-05-30,5,Hogar,20,7256.89,362.84
2024-05-30,6,Deportes,20,11621.51,581.08
2024-05-30,7,Libros,15,3991.04,266.07
2024-05-30,8,Alimentacion,31,3971.73,128.12
2024-05-31,1,Electronica,24,3632.14,151.34
2024-05-31,2,Informatica,36,15428.66,428.57
2024-05-31,3,Moviles,20,8938.46,446.92
2024-05-31,4,Ropa,5,1739.99,348.0
2024-05-31,5,Hogar,33,4924.03,149.21
2024-05-31,6,Deportes,27,11960.62,442.99
2024-05-31,7,Libros,13,7020.47,540.04
2024-05-31,8,Alimentacion,14,5397.39,385.53
2024-06-01,1,Electronica,20,5069.15,253.46
2024-06-01,2,Informatica,12,4381.14,365.1
2024-06-01,3,Moviles,15,6480.8,432.05
2024-06-01,4,Ropa,14,5478.41,391.31
2024-06-01,5,Hogar,34,17562.11,516.53
2024-06-01,6,Deportes,30,15366.27,512.21
2024-06-01,7,Libros,12,5266.41,438.87
2024-06-01,8,Alimentacion,5,1337.25,267.45
2024-06-02,1,Electronica,18,1846.19,102.57
2024-06-02,2,Informatica,22,5236.66,238.03
2024-06-02,3,Moviles,12,5338.13,444.84
2024-06-02,4,Ropa,33,19163.1,580.7
2024-06-02,5,Hogar,15,3730.87,248.72
2024-06-02,6,Deportes,34,12783.2,375.98
2024-06-02,7,Libros,23,3850.42,167.41
2024-06-02,8,Alimentacion,9,933.32,103.7
2024-06-03,1,Electronica,34,20260.82,595.91
2024-06-03,2,Informatica,36,4451.95,123.67
2024-06-03,3,Moviles,26,15332.53,589.71
2024-06-03,4,Ropa,21,2868.12,136.58
2024-06-03,5,Hogar,36,20790.04,577.5
2024-06-03,6,Deportes,36,6433.22,178.7
2024-06-03,7,Libros,39,9646.37,247.34
2024-06-03,8,Alimentacion,27,15070.58,558.17
2024-06-04,1,Electronica,23,9347.82,406.43
2024-06-04,2,Informatica,21,8811.56,419.6
2024-06-04,3,Moviles,10,1520.99,152.1
2024-06-04,4,Ropa,6,558.91,93.15
2024-06-04,5,Hogar,30,15497.43,516.58
2024-06-04,6,Deportes,23,6239.94,271.3
2024-06-04,7,Libros,38,19751.51,519.78
2024-06-04,8,Alimentacion,15,1996.98,133.13
2024-06-05,1,Electronica,24,11184.19,466.01
2024-06-05,2,Informatica,25,6931.88,277.28
2024-06-05,3,Moviles,27,6654.98,246.48
2024-06-05,4,Ropa,28,4225.15,150.9
2024-06-05,5,Hogar,28,14438.67,515.67
2024-06-05,6,Deportes,21,4294.03,204.48
2024-06-05,7,Libros,7,950.34,135.76
2024-06-05,8,Alimentacion,30,16521.05,550.7
2024-06-06,1,Electronica,18,6067.4,337.08
2024-06-06,2,Informatica,36,16559.83,460.0
2024-06-06,3,Moviles,24,9440.76,393.37
2024-06-06,4,Ropa,10,1537.82,153.78
2024-06-06,5,Hogar,19,3136.74,165.09
2024-06-06,6,Deportes,33,13566.73,411.11
2024-06-06,7,Libros,30,3798.71,126.62
2024-06-06,8,Alimentacion,7,3656.44,522.35
2024-06-07,1,Electronica,35,6272.82,179.22
2024-06-07,2,Informatica,28,2280.8,81.46
2024-06-07,3,Moviles,37,11145.55,301.23
2024-06-07,4,Ropa,23,2701.05,117.44
2024-06-07,5,Hogar,8,2780.83,347.6
2024-06-07,6,Deportes,31,16836.86,543.12
2024-06-07,7,Libros,9,2773.09,308.12
2024-06-07,8,Alimentacion,16,8801.27,550.08
2024-06-08,1,Electronica,15,4154.82,276.99
2024-06-08,2,Informatica,5,1552.2,310.44
2024-06-08,3,Moviles,27,10127.91,375.11
2024-06-08,4,Ropa,35,4347.76,124.22
2024-06-08,5,Hogar,25,8718.14,348.73
2024-06-08,6,Deportes,32,18722.36,585.07
2024-06-08,7,Libros,14,8213.41,586.67
2024-06-08,8,Alimentacion,10,5017.97,501.8
2024-06-09,1,Electronica,8,3646.72,455.84
2024-06-09,2,Informatica,26,10315.69,396.76
2024-06-09,3,Moviles,24,8971.49,373.81
2024-06-09,4,Ropa,31,17839.3,575.46
2024-06-09,5,Hogar,35,14748.25,421.38
2024-06-09,6,Deportes,13,3063.35,235.64
2024-06-09,7,Libros,26,9251.06,355.81
2024-06-09,8,Alimentacion,6,3126.1,521.02
2024-06-10,1,Electronica,19,8225.39,432.92
2024-06-10,2,Informatica,33,14503.72,439.51
2024-06-10,3,Moviles,14,5928.31,423.45
2024-06-10,4,Ropa,28,10319.01,368.54
2024-06-10,5,Hogar,31,8283.22,267.2
2024-06-10,6,Deportes,20,7474.08,373.7
2024-06-10,7,Libros,30,6472.87,215.76
2024-06-10,8,Alimentacion,19,3303.36,173.86
2024-06-11,1,Electronica,17,6205.33,365.02
2024-06-11,2,Informatica,12,2340.66,195.05
2024-06-11,3,Moviles,21,8774.44,417.83
2024-06-11,4,Ropa,17,6052.06,356.0
2024-06-11,5,Hogar,21,9423.35,448.73
2024-06-11,6,Deportes,19,6993.73,368.09
2024-06-11,7,Libros,19,6867.32,361.44
2024-06-11,8,Alimentacion,12,5550.06,462.51
2024-06-12,1,Electronica,10,5227.99,522.8
2024-06-12,2,Informatica,9,4465.57,496.17
2024-06-12,3,Moviles,13,6877.1,529.01
2024-06-12,4,Ropa,40,13750.48,343.76
2024-06-12,5,Hogar,12,4869.95,405.83
2024-06-12,6,Deportes,37,4924.27,133.09
2024-06-12,7,Libros,30,10891.08,363.04
2024-06-12,8,Alimentacion,17,6337.22,372.78
2024-06-13,1,Electronica,10,1511.37,151.14
2024-06-13,2,Informatica,8,2322.12,290.26
2024-06-13,3,Moviles,8,2188.96,273.62
2024-06-13,4,Ropa,5,2225.02,445.0
2024-06-13,5,Hogar,18,5742.85,319.05
2024-06-13,6,Deportes,12,5374.34,447.86
2024-06-13,7,Libros,32,17678.02,552.44
2024-06-13,8,Alimentacion,10,4030.09,403.01
2024-06-14,1,Electronica,17,6336.56,372.74
2024-06-14,2,Informatica,27,4518.79,167.36
2024-06-14,3,Moviles,26,12951.56,498.14
2024-06-14,4,Ropa,5,2546.64,509.33
2024-06-14,5,Hogar,12,2453.23,204.44
2024-06-14,6,Deportes,37,17144.68,463.37
2024-06-14,7,Libros,27,12293.78,455.33
2024-06-14,8,Alimentacion,7,3532.22,504.6
2024-06-15,1,Electronica,27,3559.02,131.82
2024-06-15,2,Informatica,40,10009.13,250.23
2024-06-15,3,Moviles,12,1173.07,97.76
2024-06-15,4,Ropa,20,4247.86,212.39
2024-06-15,5,Hogar,17,7494.32,440.84
2024-06-15,6,Deportes,6,3095.07,515.85
2024-06-15,7,Libros,33,4588.97,139.06
2024-06-15,8,Alimentacion,6,2002.71,333.79
2024-06-16,1,Electronica,9,4467.24,496.36
2024-06-16,2,Informatica,16,2530.04,158.13
2024-06-16,3,Moviles,23,12289.99,534.35
2024-06-16,4,Ropa,29,14930.0,514.83
2024-06-16,5,Hogar,21,7559.7,359.99
2024-06-16,6,Deportes,22,12613.89,573.36
2024-06-16,7,Libros,5,464.37,92.87
2024-06-16,8,Alimentacion,14,4666.6,333.33
2024-06-17,1,Electronica,35,18689.67,533.99
2024-06-17,2,Informatica,7,831.56,118.79
2024-06-17,3,Moviles,30,15550.16,518.34
2024-06-17,4,Ropa,15,6604.77,440.32
2024-06-17,5,Hogar,33,9391.02,284.58
2024-06-17,6,Deportes,38,4539.46,119.46
2024-06-17,7,Libros,26,9222.07,354.69
2024-06-17,8,Alimentacion,24,13076.93,544.87
2024-06-18,1,Electronica,7,1329.42,189.92
2024-06-18,2,Informatica,28,12828.7,458.17
2024-06-18,3,Moviles,26,9881.61,380.06
2024-06-18,4,Ropa,29,16456.18,567.45
2024-06-18,5,Hogar,25,2077.85,83.11
2024-06-18,6,Deportes,35,8874.79,253.57
2024-06-18,7,Libros,6,1256.07,209.34
2024-06-18,8,Alimentacion,7,2856.38,408.05
2024-06-19,1,Electronica,14,3105.01,221.79
2024-06-19,2,Informatica,22,2486.24,113.01
2024-06-19,3,Moviles,21,5576.62,265.55
2024-06-19,4,Ropa,38,14587.98,383.89
2024-06-19,5,Hogar,13,7747.15,595.93
2024-06-19,6,Deportes,7,3890.8,555.83
2024-06-19,7,Libros,11,5870.03,533.64
2024-06-19,8,Alimentacion,32,13094.81,409.21
2024-06-20,1,Electronica,11,2955.85,268.71
2024-06-20,2,Informatica,23,11324.78,492.38
2024-06-20,3,Moviles,20,10677.26,533.86
2024-06-20,4,Ropa,14,6080.11,434.29
2024-06-20,5,Hogar,24,13937.71,580.74
2024-06-20,6,Deportes,26,12078.47,464.56
2024-06-20,7,Libros,37,19375.63,523.67
2024-06-20,8,Alimentacion,20,5244.47,262.22
2024-06-21,1,Electronica,40,18086.36,452.16
2024-06-21,2,Informatica,26,2897.27,111.43
2024-06-21,3,Moviles,26,11162.1,429.31
2024-06-21,4,Ropa,35,11967.95,341.94
2024-06-21,5,Hogar,20,10015.86,500.79
2024-06-21,6,Deportes,27,4277.37,158.42
2024-06-21,7,Libros,18,1507.7,83.76
2024-06-21,8,Alimentacion,34,9880.07,290.59
2024-06-22,1,Electronica,30,11272.14,375.74
2024-06-22,2,Informatica,24,13519.91,563.33
2024-06-22,3,Moviles,9,1393.05,154.78
2024-06-22,4,Ropa,24,5066.43,211.1
2024-06-22,5,Hogar,40,16904.28,422.61
2024-06-22,6,Deportes,26,3073.73,118.22
2024-06-22,7,Libros,17,6516.76,383.34
2024-06-22,8,Alimentacion,10,3841.6,384.16
2024-06-23,1,Electronica,24,9164.4,381.85
2024-06-23,2,Informatica,34,9031.35,265.63
2024-06-23,3,Moviles,32,14560.85,455.03
2024-06-23,4,Ropa,9,4644.59,516.07
2024-06-23,5,Hogar,25,13688.37,547.53
2024-06-23,6,Deportes,22,12030.05,546.82
2024-06-23,7,Libros,39,3587.9,92.0
2024-06-23,8,Alimentacion,15,6086.31,405.75
2024-06-24,1,Electronica,20,8925.71,446.29
2024-06-24,2,Informatica,18,1886.42,104.8
2024-06-24,3,Moviles,33,6077.97,184.18
2024-06-24,4,Ropa,23,12174.3,529.32
2024-06-24,5,Hogar,11,2005.19,182.29
2024-06-24,6,Deportes,8,4646.66,580.83
2024-06-24,7,Libros,8,969.92,121.24
2024-06-24,8,Alimentacion,26,11801.07,453.89
2024-06-25,1,Electronica,5,889.26,177.85
2024-06-25,2,Informatica,39,16149.61,414.09
2024-06-25,3,Moviles,5,2063.72,412.74
2024-06-25,4,Ropa,6,1142.15,190.36
2024-06-25,5,Hogar,25,13280.53,531.22
2024-06-25,6,Deportes,6,2504.67,417.44
2024-06-25,7,Libros,30,11912.67,397.09
2024-06-25,8,Alimentacion,26,4439.31,170.74
2024-06-26,1,Electronica,31,15315.74,494.06
2024-06-26,2,Informatica,10,4056.82,405.68
2024-06-26,3,Moviles,26,12570.99,483.5
2024-06-26,4,Ropa,30,6409.47,213.65
2024-06-26,5,Hogar,34,18160.2,534.12
2024-06-26,6,Deportes,6,3366.9,561.15
2024-06-26,7,Libros,25,2728.23,109.13
2024-06-26,8,Alimentacion,26,4198.3,161.47
2024-06-27,1,Electronica,6,967.32,161.22
2024-06-27,2,Informatica,14,4974.63,355.33
2024-06-27,3,Moviles,10,2660.79,266.08
2024-06-27,4,Ropa,28,8402.25,300.08
2024-06-27,5,Hogar,39,16913.44,433.68
2024-06-27,6,Deportes,40,6390.93,159.77
2024-06-27,7,Libros,26,5189.64,199.6
2024-06-27,8,Alimentacion,21,10562.92,503.0
2024-06-28,1,Electronica,35,16692.22,476.92
2024-06-28,2,Informatica,24,10052.48,418.85
2024-06-28,3,Moviles,40,23529.6,588.24
2024-06-28,4,Ropa,34,12608.42,370.84
2024-06-28,5,Hogar,28,9859.57,352.13
2024-06-28,6,Deportes,22,3268.53,148.57
2024-06-28,7,Libros,5,1851.14,370.23
2024-06-28,8,Alimentacion,11,4628.67,420.79
2024-06-29,1,Electronica,28,4432.64,158.31
2024-06-29,2,Informatica,19,5480.34,288.44
2024-06-29,3,Moviles,10,5672.14,567.21
2024-06-29,4,Ropa,13,1866.22,143.56
2024-06-29,5,Hogar,39,13297.54,340.96
2024-06-29,6,Deportes,40,19369.32,484.23
2024-06-29,7,Libros,21,11942.04,568.67
2024-06-29,8,Alimentacion,28,12979.41,463.55
2024-06-30,1,Electronica,16,8525.35,532.83
2024-06-30,2,Informatica,15,5322.28,354.82
2024-06-30,3,Moviles,27,13084.6,484.61
2024-06-30,4,Ropa,20,6192.19,309.61
2024-06-30,5,Hogar,36,6869.89,190.83
2024-06-30,6,Deportes,27,14810.46,548.54
2024-06-30,7,Libros,29,9258.29,319.25
2024-06-30,8,Alimentacion,25,12267.63,490.71
2024-07-01,1,Electronica,6,816.35,136.06
2024-07-01,2,Informatica,5,570.14,114.03
2024-07-01,3,Moviles,30,12917.71,430.59
2024-07-01,4,Ropa,27,3002.2,111.19
2024-07-01,5,Hogar,29,8501.71,293.16
2024-07-01,6,Deportes,29,16569.86,571.37
2024-07-01,7,Libros,19,1823.38,95.97
2024-07-01,8,Alimentacion,6,1298.44,216.41
2024-07-02,1,Electronica,32,6584.04,205.75
2024-07-02,2,Informatica,27,5013.0,185.67
2024-07-02,3,Moviles,32,13254.69,414.21
2024-07-02,4,Ropa,24,12895.16,537.3
2024-07-02,5,Hogar,36,6934.93,192.64
2024-07-02,6,Deportes,15,4923.5,328.23
2024-07-02,7,Libros,22,12676.8,576.22
2024-07-02,8,Alimentacion,13,6602.33,507.87
2024-07-03,1,Electronica,23,2897.66,125.99
2024-07-03,2,Informatica,5,1662.43,332.49
2024-07-03,3,Moviles,20,3280.62,164.03
2024-07-03,4,Ropa,33,6279.08,190.28
2024-07-03,5,Hogar,8,4312.69,539.09
2024-07-03,6,Deportes,18,9408.61,522.7
2024-07-03,7,Libros,28,2912.52,104.02
2024-07-03,8,Alimentacion,33,5768.22,174.79
2024-07-04,1,Electronica,13,7765.0,597.31
2024-07-04,2,Informatica,24,10470.72,436.28
2024-07-04,3,Moviles,12,1908.03,159.0
2024-07-04,4,Ropa,5,746.8,149.36
2024-07-04,5,Hogar,24,3802.02,158.42
2024-07-04,6,Deportes,27,3529.58,130.73
2024-07-04,7,Libros,15,4822.94,321.53
2024-07-04,8,Alimentacion,30,3807.61,126.92
2024-07-05,1,Electronica,26,10762.03,413.92
2024-07-05,2,Informatica,30,16158.44,538.61
2024-07-05,3,Moviles,7,2690.4,384.34
2024-07-05,4,Ropa,17,8362.26,491.9
2024-07-05,5,Hogar,5,498.47,99.69
2024-07-05,6,Deportes,37,14411.26,389.49
2024-07-05,7,Libros,32,14181.77,443.18
2024-07-05,8,Alimentacion,6,630.75,105.12
2024-07-06,1,Electronica,25,2839.24,113.57
2024-07-06,2,Informatica,12,1711.69,142.64
2024-07-06,3,Moviles,36,21049.41,584.71
2024-07-06,4,Ropa,38,11506.66,302.81
2024-07-06,5,Hogar,16,3142.95,196.43
2024-07-06,6,Deportes,39,6120.14,156.93
2024-07-06,7,Libros,39,13274.78,340.38
2024-07-06,8,Alimentacion,12,4266.77,355.56
2024-07-07,1,Electronica,36,20799.52,577.76
2024-07-07,2,Informatica,9,2355.39,261.71
2024-07-07,3,Moviles,18,9425.73,523.65
2024-07-07,4,Ropa,19,8746.22,460.33
2024-07-07,5,Hogar,22,9808.99,445.86
2024-07-07,6,Deportes,5,1088.09,217.62
2024-07-07,7,Libros,9,5242.4,582.49
2024-07-07,8,Alimentacion,17,5857.36,344.55
2024-07-08,1,Electronica,31,15207.04,490.55
2024-07-08,2,Informatica,28,6130.55,218.95
2024-07-08,3,Moviles,25,10945.88,437.84
2024-07-08,4,Ropa,34,12337.38,362.86
2024-07-08,5,Hogar,40,10079.66,251.99
2024-07-08,6,Deportes,31,18315.67,590.83
2024-07-08,7,Libros,22,6327.8,287.63
2024-07-08,8,Alimentacion,25,9019.96,360.8
2024-07-09,1,Electronica,29,16991.88,585.93
2024-07-09,2,Informatica,29,13795.25,475.7
2024-07-09,3,Moviles,31,15436.51,497.95
2024-07-09,4,Ropa,5,1021.64,204.33
2024-07-09,5,Hogar,37,20781.69,561.67
2024-07-09,6,Deportes,21,9254.82,440.71
2024-07-09,7,Libros,29,17264.46,595.33
2024-07-09,8,Alimentacion,17,7224.69,424.98
2024-07-10,1,Electronica,10,5183.9,518.39
2024-07-10,2,Informatica,7,3867.02,552.43
2024-07-10,3,Moviles,8,2328.21,291.03
2024-07-10,4,Ropa,40,9946.96,248.67
2024-07-10,5,Hogar,33,12059.95,365.45
2024-07-10,6,Deportes,25,7921.42,316.86
2024-07-10,7,Libros,5,1631.02,326.2
2024-07-10,8,Alimentacion,35,12084.35,345.27
2024-07-11,1,Electronica,39,23293.5,597.27
2024-07-11,2,Informatica,20,10179.9,509.0
2024-07-11,3,Moviles,29,7676.46,264.71
2024-07-11,4,Ropa,9,2561.69,284.63
2024-07-11,5,Hogar,38,8304.25,218.53
2024-07-11,6,Deportes,25,2935.94,117.44
2024-07-11,7,Libros,39,16590.84,425.41
2024-07-11,8,Alimentacion,21,4544.07,216.38
2024-07-12,1,Electronica,35,18410.25,526.01
2024-07-12,2,Informatica,27,9489.49,351.46
2024-07-12,3,Moviles,35,13186.84,376.77
2024-07-12,4,Ropa,14,1599.39,114.24
2024-07-12,5,Hogar,38,10234.52,269.33
2024-07-12,6,Deportes,18,6377.16,354.29
2024-07-12,7,Libros,28,5714.63,204.09
2024-07-12,8,Alimentacion,16,2548.44,159.28
2024-07-13,1,Electronica,34,5861.98,172.41
2024-07-13,2,Informatica,7,1731.95,247.42
2024-07-13,3,Moviles,28,14355.68,512.7
2024-07-13,4,Ropa,32,4607.29,143.98
2024-07-13,5,Hogar,14,6235.09,445.36
2024-07-13,6,Deportes,29,3870.27,133.46
2024-07-13,7,Libros,27,11468.58,424.76
2024-07-13,8,Alimentacion,38,13341.93,351.1
2024-07-14,1,Electronica,33,14004.0,424.36
2024-07-14,2,Informatica,22,6285.07,285.69
2024-07-14,3,Moviles,33,14566.47,441.41
2024-07-14,4,Ropa,33,13530.34,410.01
2024-07-14,5,Hogar,16,7593.24,474.58
2024-07-14,6,Deportes,14,1163.09,83.08
2024-07-14,7,Libros,13,3520.42,270.8
2024-07-14,8,Alimentacion,38,16086.83,423.34
2024-07-15,1,Electronica,28,9860.5,352.16
2024-07-15,2,Informatica,29,6133.22,211.49
2024-07-15,3,Moviles,40,7377.74,184.44
2024-07-15,4,Ropa,21,2310.46,110.02
2024-07-15,5,Hogar,16,3830.41,239.4
2024-07-15,6,Deportes,39,8688.79,222.79
2024-07-15,7,Libros,25,5323.08,212.92
2024-07-15,8,Alimentacion,21,10788.82,513.75
2024-07-16,1,Electronica,10,3530.92,353.09
2024-07-16,2,Informatica,36,18958.44,526.62
2024-07-16,3,Moviles,17,2494.18,146.72
2024-07-16,4,Ropa,23,9229.62,401.29
2024-07-16,5,Hogar,28,15642.77,558.67
2024-07-16,6,Deportes,33,9087.46,275.38
2024-07-16,7,Libros,7,3153.63,450.52
2024-07-16,8,Alimentacion,23,13438.61,584.29
2024-07-17,1,Electronica,32,13345.81,417.06
2024-07-17,2,Informatica,21,5527.69,263.22
2024-07-17,3,Moviles,29,15133.44,521.84
2024-07-17,4,Ropa,13,7291.76,560.9
2024-07-17,5,Hogar,17,10002.77,588.4
2024-07-17,6,Deportes,28,3162.47,112.95
2024-07-17,7,Libros,18,4523.66,251.31
2024-07-17,8,Alimentacion,9,1094.11,121.57
2024-07-18,1,Electronica,33,9150.56,277.29
2024-07-18,2,Informatica,38,11234.71,295.65
2024-07-18,3,Moviles,6,816.36,136.06
2024-07-18,4,Ropa,34,19251.84,566.23
2024-07-18,5,Hogar,32,9463.81,295.74
2024-07-18,6,Deportes,35,6007.41,171.64
2024-07-18,7,Libros,9,2778.44,308.72
2024-07-18,8,Alimentacion,36,5412.46,150.35
2024-07-19,1,Electronica,5,2142.99,428.6
2024-07-19,2,Informatica,17,4910.83,288.87
2024-07-19,3,Moviles,7,3929.83,561.4
2024-07-19,4,Ropa,23,8464.05,368.0
2024-07-19,5,Hogar,29,13929.76,480.34
2024-07-19,6,Deportes,12,1521.92,126.83
2024-07-19,7,Libros,9,3392.4,376.93
2024-07-19,8,Alimentacion,5,664.44,132.89
2024-07-20,1,Electronica,10,5210.4,521.04
2024-07-20,2,Informatica,18,6722.91,373.5
2024-07-20,3,Moviles,8,4067.81,508.48
2024-07-20,4,Ropa,17,7645.77,449.75
2024-07-20,5,Hogar,35,18506.55,528.76
2024-07-20,6,Deportes,40,17573.11,439.33
2024-07-20,7,Libros,31,16079.1,518.68
2024-07-20,8,Alimentacion,13,7787.12,599.01
2024-07-21,1,Electronica,8,4267.24,533.4
2024-07-21,2,Informatica,14,3453.16,246.65
2024-07-21,3,Moviles,17,5941.06,349.47
2024-07-21,4,Ropa,5,883.98,176.8
2024-07-21,5,Hogar,39,8690.25,222.83
2024-07-21,6,Deportes,21,2625.83,125.04
2024-07-21,7,Libros,29,6165.76,212.61
2024-07-21,8,Alimentacion,24,8855.06,368.96
2024-07-22,1,Electronica,37,20002.74,540.61
2024-07-22,2,Informatica,8,1916.48,239.56
2024-07-22,3,Moviles,20,10614.46,530.72
2024-07-22,4,Ropa,32,16814.51,525.45
2024-07-22,5,Hogar,21,5010.24,238.58
2024-07-22,6,Deportes,13,1392.24,107.1
2024-07-22,7,Libros,39,16347.69,419.17
2024-07-22,8,Alimentacion,34,14323.77,421.29
2024-07-23,1,Electronica,14,3782.5,270.18
2024-07-23,2,Informatica,26,4787.6,184.14
2024-07-23,3,Moviles,40,17008.98,425.22
2024-07-23,4,Ropa,25,2110.63,84.43
2024-07-23,5,Hogar,9,2633.79,292.64
2024-07-23,6,Deportes,25,2459.09,98.36
2024-07-23,7,Libros,19,9385.35,493.97
2024-07-23,8,Alimentacion,23,4238.58,184.29
2024-07-24,1,Electronica,18,8951.04,497.28
2024-07-24,2,Informatica,34,9898.16,291.12
2024-07-24,3,Moviles,33,6138.24,186.01
2024-07-24,4,Ropa,18,1980.23,110.01
2024-07-24,5,Hogar,32,16839.18,526.22
2024-07-24,6,Deportes,12,1265.53,105.46
2024-07-24,7,Libros,9,4530.91,503.43
2024-07-24,8,Alimentacion,36,6252.7,173.69
2024-07-25,1,Electronica,40,18533.76,463.34
2024-07-25,2,Informatica,15,5086.09,339.07
2024-07-25,3,Moviles,23,11431.07,497.0
2024-07-25,4,Ropa,39,20120.78,515.92
2024-07-25,5,Hogar,14,6780.53,484.32
2024-07-25,6,Deportes,18,6271.93,348.44
2024-07-25,7,Libros,34,4403.76,129.52
2024-07-25,8,Alimentacion,10,5744.53,574.45
2024-07-26,1,Electronica,31,6087.16,196.36
2024-07-26,2,Informatica,21,9391.81,447.23
2024-07-26,3,Moviles,33,14410.26,436.67
2024-07-26,4,Ropa,14,7440.31,531.45
2024-07-26,5,Hogar,13,1322.27,101.71
2024-07-26,6,Deportes,33,7678.78,232.69
2024-07-26,7,Libros,19,10162.23,534.85
2024-07-26,8,Alimentacion,25,11190.24,447.61
2024-07-27,1,Electronica,14,3373.65,240.97
2024-07-27,2,Informatica,21,5222.36,248.68
2024-07-27,3,Moviles,18,2861.76,158.99
2024-07-27,4,Ropa,19,5388.03,283.58
2024-07-27,5,Hogar,7,1752.52,250.36
2024-07-27,6,Deportes,14,5784.9,413.21
2024-07-27,7,Libros,19,7989.71,420.51
2024-07-27,8,Alimentacion,10,1830.41,183.04
2024-07-28,1,Electronica,14,6421.58,458.68
2024-07-28,2,Informatica,32,8104.14,253.25
2024-07-28,3,Moviles,30,4184.22,139.47
2024-07-28,4,Ropa,27,3874.67,143.51
2024-07-28,5,Hogar,18,10763.76,597.99
2024-07-28,6,Deportes,38,13440.39,353.69
2024-07-28,7,Libros,23,7699.39,334.76
2024-07-28,8,Alimentacion,6,2821.15,470.19
2024-07-29,1,Electronica,36,19529.44,542.48
2024-07-29,2,Informatica,10,1842.65,184.27
2024-07-29,3,Moviles,22,11644.07,529.28
2024-07-29,4,Ropa,39,18456.65,473.25
2024-07-29,5,Hogar,17,2595.02,152.65
2024-07-29,6,Deportes,22,10543.33,479.24
2024-07-29,7,Libros,19,7238.42,380.97
2024-07-29,8,Alimentacion,24,2324.4,96.85
2024-07-30,1,Electronica,11,6413.27,583.02
2024-07-30,2,Informatica,27,4889.02,181.07
2024-07-30,3,Moviles,14,5899.55,421.4
2024-07-30,4,Ropa,8,1355.44,169.43
2024-07-30,5,Hogar,27,8472.72,313.8
2024-07-30,6,Deportes,20,5027.38,251.37
2024-07-30,7,Libros,28,4844.16,173.01
2024-07-30,8,Alimentacion,24,12016.44,500.69
2024-07-31,1,Electronica,40,12663.64,316.59
2024-07-31,2,Informatica,40,5549.42,138.74
2024-07-31,3,Moviles,15,5845.65,389.71
2024-07-31,4,Ropa,34,3354.69,98.67
2024-07-31,5,Hogar,7,2428.65,346.95
2024-07-31,6,Deportes,11,3242.41,294.76
2024-07-31,7,Libros,13,3847.6,295.97
2024-07-31,8,Alimentacion,27,3230.32,119.64
2024-08-01,1,Electronica,15,4003.61,266.91
2024-08-01,2,Informatica,10,2524.48,252.45
2024-08-01,3,Moviles,35,8321.58,237.76
2024-08-01,4,Ropa,21,2706.62,128.89
2024-08-01,5,Hogar,20,2817.54,140.88
2024-08-01,6,Deportes,36,7943.18,220.64
2024-08-01,7,Libros,39,5504.58,141.14
2024-08-01,8,Alimentacion,34,7068.75,207.9
2024-08-02,1,Electronica,39,3973.04,101.87
2024-08-02,2,Informatica,21,5686.54,270.79
2024-08-02,3,Moviles,17,3866.0,227.41
2024-08-02,4,Ropa,40,7431.93,185.8
2024-08-02,5,Hogar,13,7180.8,552.37
2024-08-02,6,Deportes,39,13296.43,340.93
2024-08-02,7,Libros,11,966.44,87.86
2024-08-02,8,Alimentacion,8,2671.75,333.97
2024-08-03,1,Electronica,18,7888.66,438.26
2024-08-03,2,Informatica,19,2379.96,125.26
2024-08-03,3,Moviles,15,2398.52,159.9
2024-08-03,4,Ropa,21,12579.88,599.04
2024-08-03,5,Hogar,32,9103.97,284.5
2024-08-03,6,Deportes,38,5205.94,137.0
2024-08-03,7,Libros,12,1486.19,123.85
2024-08-03,8,Alimentacion,18,3629.47,201.64
2024-08-04,1,Electronica,37,16635.6,449.61
2024-08-04,2,Informatica,8,4056.88,507.11
2024-08-04,3,Moviles,9,3524.15,391.57
2024-08-04,4,Ropa,11,1115.79,101.44
2024-08-04,5,Hogar,16,8057.85,503.62
2024-08-04,6,Deportes,26,3215.72,123.68
2024-08-04,7,Libros,34,13184.14,387.77
2024-08-04,8,Alimentacion,16,1369.57,85.6
2024-08-05,1,Electronica,31,15160.03,489.03
2024-08-05,2,Informatica,7,880.5,125.79
2024-08-05,3,Moviles,20,3139.87,156.99
2024-08-05,4,Ropa,37,16020.22,432.98
2024-08-05,5,Hogar,14,6926.96,494.78
2024-08-05,6,Deportes,13,2417.27,185.94
2024-08-05,7,Libros,19,8298.04,436.74
2024-08-05,8,Alimentacion,9,5387.33,598.59
2024-08-06,1,Electronica,35,3486.67,99.62
2024-08-06,2,Informatica,38,18438.18,485.22
2024-08-06,3,Moviles,9,4236.84,470.76
2024-08-06,4,Ropa,9,1651.5,183.5
2024-08-06,5,Hogar,8,4158.22,519.78
2024-08-06,6,Deportes,31,3969.27,128.04
2024-08-06,7,Libros,27,10342.19,383.04
2024-08-06,8,Alimentacion,36,15473.29,429.81
2024-08-07,1,Electronica,36,5406.1,150.17
2024-08-07,2,Informatica,24,13211.71,550.49
2024-08-07,3,Moviles,34,17437.83,512.88
2024-08-07,4,Ropa,15,4595.5,306.37
2024-08-07,5,Hogar,37,8712.21,235.47
2024-08-07,6,Deportes,39,16407.46,420.7
2024-08-07,7,Libros,12,1384.52,115.38
2024-08-07,8,Alimentacion,21,9877.81,470.37
2024-08-08,1,Electronica,19,3892.25,204.86
2024-08-08,2,Informatica,34,12649.19,372.04
2024-08-08,3,Moviles,36,13644.07,379.0
2024-08-08,4,Ropa,8,2270.77,283.85
2024-08-08,5,Hogar,30,14780.89,492.7
2024-08-08,6,Deportes,26,13244.4,509.4
2024-08-08,7,Libros,30,17190.62,573.02
2024-08-08,8,Alimentacion,19,7966.46,419.29
2024-08-09,1,Electronica,26,11047.54,424.91
2024-08-09,2,Informatica,32,15754.68,492.33
2024-08-09,3,Moviles,5,1181.22,236.24
2024-08-09,4,Ropa,6,3447.09,574.51
2024-08-09,5,Hogar,35,10419.56,297.7
2024-08-09,6,Deportes,24,7629.4,317.89
2024-08-09,7,Libros,26,9453.87,363.61
2024-08-09,8,Alimentacion,10,2639.31,263.93
2024-08-10,1,Electronica,34,13668.81,402.02
2024-08-10,2,Informatica,23,5856.45,254.63
2024-08-10,3,Moviles,22,3902.58,177.39
2024-08-10,4,Ropa,33,9631.75,291.87
2024-08-10,5,Hogar,39,19488.63,499.71
2024-08-10,6,Deportes,12,2309.85,192.49
2024-08-10,7,Libros,7,1927.35,275.34
2024-08-10,8,Alimentacion,16,4522.05,282.63
2024-08-11,1,Electronica,26,15028.2,578.01
2024-08-11,2,Informatica,28,4677.58,167.06
2024-08-11,3,Moviles,27,14653.58,542.73
2024-08-11,4,Ropa,30,7213.67,240.46
2024-08-11,5,Hogar,25,14425.19,577.01
2024-08-11,6,Deportes,37,18173.91,491.19
2024-08-11,7,Libros,17,8933.62,525.51
2024-08-11,8,Alimentacion,15,4249.3,283.29
2024-08-12,1,Electronica,5,400.92,80.18
2024-08-12,2,Informatica,16,2143.13,133.95
2024-08-12,3,Moviles,20,6327.54,316.38
2024-08-12,4,Ropa,21,9723.52,463.02
2024-08-12,5,Hogar,11,6511.46,591.95
2024-08-12,6,Deportes,37,15775.94,426.38
2024-08-12,7,Libros,13,7317.42,562.88
2024-08-12,8,Alimentacion,21,8956.09,426.48
2024-08-13,1,Electronica,9,3126.81,347.42
2024-08-13,2,Informatica,26,8084.19,310.93
2024-08-13,3,Moviles,23,6167.38,268.15
2024-08-13,4,Ropa,29,16462.27,567.66
2024-08-13,5,Hogar,8,4413.89,551.74
2024-08-13,6,Deportes,36,12115.34,336.54
2024-08-13,7,Libros,6,657.78,109.63
2024-08-13,8,Alimentacion,12,4438.26,369.86
2024-08-14,1,Electronica,33,7979.29,241.8
2024-08-14,2,Informatica,37,20104.94,543.38
2024-08-14,3,Moviles,34,3340.7,98.26
2024-08-14,4,Ropa,25,8272.13,330.89
2024-08-14,5,Hogar,5,2877.74,575.55
2024-08-14,6,Deportes,22,3413.38,155.15
2024-08-14,7,Libros,37,3857.98,104.27
2024-08-14,8,Alimentacion,30,5107.89,170.26
2024-08-15,1,Electronica,22,8936.26,406.19
2024-08-15,2,Informatica,20,4628.18,231.41
2024-08-15,3,Moviles,39,3643.31,93.42
2024-08-15,4,Ropa,40,23545.54,588.64
2024-08-15,5,Hogar,10,4985.5,498.55
2024-08-15,6,Deportes,29,9754.33,336.36
2024-08-15,7,Libros,28,12298.79,439.24
2024-08-15,8,Alimentacion,22,5468.87,248.59
2024-08-16,1,Electronica,36,18340.38,509.46
2024-08-16,2,Informatica,39,10162.13,260.57
2024-08-16,3,Moviles,13,2397.3,184.41
2024-08-16,4,Ropa,8,1314.54,164.32
2024-08-16,5,Hogar,38,6412.59,168.75
2024-08-16,6,Deportes,24,13246.7,551.95
2024-08-16,7,Libros,24,14044.06,585.17
2024-08-16,8,Alimentacion,28,16248.55,580.31
2024-08-17,1,Electronica,16,3545.95,221.62
2024-08-17,2,Informatica,35,6391.79,182.62
2024-08-17,3,Moviles,25,14064.62,562.58
2024-08-17,4,Ropa,30,4091.48,136.38
2024-08-17,5,Hogar,21,5630.76,268.13
2024-08-17,6,Deportes,25,7011.72,280.47
2024-08-17,7,Libros,35,7656.65,218.76
2024-08-17,8,Alimentacion,18,10105.5,561.42
2024-08-18,1,Electronica,33,11241.55,340.65
2024-08-18,2,Informatica,31,12750.25,411.3
2024-08-18,3,Moviles,25,2571.31,102.85
2024-08-18,4,Ropa,22,10420.96,473.68
2024-08-18,5,Hogar,35,14836.75,423.91
2024-08-18,6,Deportes,31,14612.42,471.37
2024-08-18,7,Libros,22,6240.38,283.65
2024-08-18,8,Alimentacion,30,10657.76,355.26
2024-08-19,1,Electronica,23,12022.9,522.73
2024-08-19,2,Informatica,12,2580.69,215.06
2024-08-19,3,Moviles,5,507.46,101.49
2024-08-19,4,Ropa,24,6333.61,263.9
2024-08-19,5,Hogar,28,6106.0,218.07
2024-08-19,6,Deportes,20,10813.25,540.66
2024-08-19,7,Libros,40,5205.21,130.13
2024-08-19,8,Alimentacion,31,15930.53,513.89
2024-08-20,1,Electronica,12,6763.42,563.62
2024-08-20,2,Informatica,15,6229.22,415.28
2024-08-20,3,Moviles,12,5793.57,482.8
2024-08-20,4,Ropa,30,15529.19,517.64
2024-08-20,5,Hogar,26,7487.7,287.99
2024-08-20,6,Deportes,36,17963.31,498.98
2024-08-20,7,Libros,27,14304.85,529.81
2024-08-20,8,Alimentacion,14,4991.44,356.53
2024-08-21,1,Electronica,38,11213.52,295.09
2024-08-21,2,Informatica,23,3437.44,149.45
2024-08-21,3,Moviles,26,11299.36,434.59
2024-08-21,4,Ropa,31,3556.64,114.73
2024-08-21,5,Hogar,5,2615.03,523.01
2024-08-21,6,Deportes,20,7609.36,380.47
2024-08-21,7,Libros,30,5737.42,191.25
2024-08-21,8,Alimentacion,22,10742.79,488.31
2024-08-22,1,Electronica,13,2061.81,158.6
2024-08-22,2,Informatica,20,6805.94,340.3
2024-08-22,3,Moviles,23,12589.83,547.38
2024-08-22,4,Ropa,29,15570.31,536.91
2024-08-22,5,Hogar,13,5416.79,416.68
2024-08-22,6,Deportes,29,11554.28,398.42
2024-08-22,7,Libros,22,9905.52,450.25
2024-08-22,8,Alimentacion,37,8213.06,221.97
2024-08-23,1,Electronica,18,9900.4,550.02
2024-08-23,2,Informatica,24,3091.12,128.8
2024-08-23,3,Moviles,10,2670.52,267.05
2024-08-23,4,Ropa,38,4466.29,117.53
2024-08-23,5,Hogar,25,4839.1,193.56
2024-08-23,6,Deportes,34,13844.99,407.21
2024-08-23,7,Libros,13,4060.86,312.37
2024-08-23,8,Alimentacion,37,4097.09,110.73
2024-08-24,1,Electronica,33,12768.61,386.93
2024-08-24,2,Informatica,7,704.16,100.59
2024-08-24,3,Moviles,34,4674.45,137.48
2024-08-24,4,Ropa,19,4426.2,232.96
2024-08-24,5,Hogar,26,15122.99,581.65
2024-08-24,6,Deportes,38,14272.61,375.6
2024-08-24,7,Libros,18,6649.79,369.43
2024-08-24,8,Alimentacion,18,4076.79,226.49
2024-08-25,1,Electronica,39,17581.61,450.81
2024-08-25,2,Informatica,19,9207.52,484.61
2024-08-25,3,Moviles,6,3009.62,501.6
2024-08-25,4,Ropa,22,6609.55,300.43
2024-08-25,5,Hogar,9,5187.15,576.35
2024-08-25,6,Deportes,22,10048.64,456.76
2024-08-25,7,Libros,12,3456.87,288.07
2024-08-25,8,Alimentacion,37,21325.1,576.35
2024-08-26,1,Electronica,31,6127.66,197.67
2024-08-26,2,Informatica,8,3985.35,498.17
2024-08-26,3,Moviles,39,9800.74,251.3
2024-08-26,4,Ropa,21,2459.49,117.12
2024-08-26,5,Hogar,35,13275.98,379.31
2024-08-26,6,Deportes,32,10114.05,316.06
2024-08-26,7,Libros,34,6092.22,179.18
2024-08-26,8,Alimentacion,17,2349.04,138.18
2024-08-27,1,Electronica,15,3404.13,226.94
2024-08-27,2,Informatica,17,2035.82,119.75
2024-08-27,3,Moviles,38,3366.64,88.6
2024-08-27,4,Ropa,17,8345.7,490.92
2024-08-27,5,Hogar,17,8196.12,482.12
2024-08-27,6,Deportes,17,6312.76,371.34
2024-08-27,7,Libros,23,10781.91,468.78
2024-08-27,8,Alimentacion,6,3350.23,558.37
2024-08-28,1,Electronica,6,675.72,112.62
2024-08-28,2,Informatica,18,5351.68,297.32
2024-08-28,3,Moviles,39,8469.69,217.17
2024-08-28,4,Ropa,27,10971.17,406.34
2024-08-28,5,Hogar,25,14889.09,595.56
2024-08-28,6,Deportes,24,3233.65,134.74
2024-08-28,7,Libros,16,7031.79,439.49
2024-08-28,8,Alimentacion,31,16971.63,547.47
2024-08-29,1,Electronica,34,16381.62,481.81
2024-08-29,2,Informatica,26,3522.58,135.48
2024-08-29,3,Moviles,14,3769.02,269.22
2024-08-29,4,Ropa,35,11645.57,332.73
2024-08-29,5,Hogar,10,5540.96,554.1
2024-08-29,6,Deportes,25,8191.15,327.65
2024-08-29,7,Libros,13,6785.79,521.98
2024-08-29,8,Alimentacion,38,14173.1,372.98
2024-08-30,1,Electronica,37,10442.56,282.23
2024-08-30,2,Informatica,27,5697.24,211.01
2024-08-30,3,Moviles,6,3405.05,567.51
2024-08-30,4,Ropa,17,7638.3,449.31
2024-08-30,5,Hogar,38,11670.13,307.11
2024-08-30,6,Deportes,29,4747.2,163.7
2024-08-30,7,Libros,32,4786.93,149.59
2024-08-30,8,Alimentacion,5,688.94,137.79
2024-08-31,1,Electronica,39,10804.24,277.03
2024-08-31,2,Informatica,5,2514.33,502.87
2024-08-31,3,Moviles,10,3211.3,321.13
2024-08-31,4,Ropa,7,1302.41,186.06
2024-08-31,5,Hogar,39,21653.46,555.22
2024-08-31,6,Deportes,25,6399.85,255.99
2024-08-31,7,Libros,40,21614.52,540.36
2024-08-31,8,Alimentacion,36,17274.41,479.84
2024-09-01,1,Electronica,18,1508.67,83.81
2024-09-01,2,Informatica,18,9918.25,551.01
2024-09-01,3,Moviles,29,15599.39,537.91
2024-09-01,4,Ropa,11,4261.79,387.44
2024-09-01,5,Hogar,13,7426.99,571.31
2024-09-01,6,Deportes,33,10471.95,317.33
2024-09-01,7,Libros,33,15710.61,476.08
2024-09-01,8,Alimentacion,8,4224.67,528.08
2024-09-02,1,Electronica,15,4321.69,288.11
2024-09-02,2,Informatica,20,9055.01,452.75
2024-09-02,3,Moviles,35,15394.99,439.86
2024-09-02,4,Ropa,35,13827.29,395.07
2024-09-02,5,Hogar,12,6632.33,552.69
2024-09-02,6,Deportes,29,3266.14,112.63
2024-09-02,7,Libros,20,9919.78,495.99
2024-09-02,8,Alimentacion,19,1568.41,82.55
2024-09-03,1,Electronica,19,7782.91,409.63
2024-09-03,2,Informatica,7,1443.14,206.16
2024-09-03,3,Moviles,17,8456.05,497.41
2024-09-03,4,Ropa,7,2258.18,322.6
2024-09-03,5,Hogar,30,6151.03,205.03
2024-09-03,6,Deportes,19,9180.34,483.18
2024-09-03,7,Libros,7,3946.49,563.78
2024-09-03,8,Alimentacion,31,6718.84,216.74
2024-09-04,1,Electronica,14,4526.42,323.32
2024-09-04,2,Informatica,35,16579.59,473.7
2024-09-04,3,Moviles,11,5224.41,474.95
2024-09-04,4,Ropa,11,1949.28,177.21
2024-09-04,5,Hogar,38,6257.27,164.67
2024-09-04,6,Deportes,37,9179.77,248.1
2024-09-04,7,Libros,37,18100.97,489.22
2024-09-04,8,Alimentacion,29,16138.56,556.5
2024-09-05,1,Electronica,5,587.56,117.51
2024-09-05,2,Informatica,6,2214.39,369.06
2024-09-05,3,Moviles,10,3412.87,341.29
2024-09-05,4,Ropa,39,4694.16,120.36
2024-09-05,5,Hogar,8,3391.61,423.95
2024-09-05,6,Deportes,23,7306.7,317.68
2024-09-05,7,Libros,5,1855.74,371.15
2024-09-05,8,Alimentacion,18,1665.31,92.52
2024-09-06,1,Electronica,37,18574.24,502.01
2024-09-06,2,Informatica,34,6410.84,188.55
2024-09-06,3,Moviles,18,7727.39,429.3
2024-09-06,4,Ropa,12,4783.13,398.59
2024-09-06,5,Hogar,10,3639.8,363.98
2024-09-06,6,Deportes,27,11674.23,432.38
2024-09-06,7,Libros,10,4596.9,459.69
2024-09-06,8,Alimentacion,11,1393.56,126.69
2024-09-07,1,Electronica,22,5223.15,237.42
2024-09-07,2,Informatica,23,3607.96,156.87
2024-09-07,3,Moviles,26,12474.04,479.77
2024-09-07,4,Ropa,5,605.02,121.0
2024-09-07,5,Hogar,7,973.76,139.11
2024-09-07,6,Deportes,18,6308.37,350.46
2024-09-07,7,Libros,34,20112.35,591.54
2024-09-07,8,Alimentacion,18,10017.54,556.53
2024-09-08,1,Electronica,10,5546.93,554.69
2024-09-08,2,Informatica,8,3621.35,452.67
2024-09-08,3,Moviles,6,2570.78,428.46
2024-09-08,4,Ropa,13,6785.85,521.99
2024-09-08,5,Hogar,32,15890.76,496.59
2024-09-08,6,Deportes,8,1388.02,173.5
2024-09-08,7,Libros,23,7123.2,309.7
2024-09-08,8,Alimentacion,13,2747.89,211.38
2024-09-09,1,Electronica,24,12481.74,520.07
2024-09-09,2,Informatica,6,1492.17,248.7
2024-09-09,3,Moviles,11,1807.41,164.31
2024-09-09,4,Ropa,15,8850.82,590.05
2024-09-09,5,Hogar,35,16674.43,476.41
2024-09-09,6,Deportes,25,5564.55,222.58
2024-09-09,7,Libros,20,1736.87,86.84
2024-09-09,8,Alimentacion,39,3544.37,90.88
2024-09-10,1,Electronica,19,6894.45,362.87
2024-09-10,2,Informatica,27,15089.48,558.87
2024-09-10,3,Moviles,26,2103.4,80.9
2024-09-10,4,Ropa,20,10854.11,542.71
2024-09-10,5,Hogar,10,3566.49,356.65
2024-09-10,6,Deportes,11,1082.39,98.4
2024-09-10,7,Libros,25,7525.01,301.0
2024-09-10,8,Alimentacion,26,7043.54,270.91
2024-09-11,1,Electronica,39,5591.27,143.37
2024-09-11,2,Informatica,34,5568.49,163.78
2024-09-11,3,Moviles,38,4095.25,107.77
2024-09-11,4,Ropa,39,8087.72,207.38
2024-09-11,5,Hogar,31,17494.09,564.33
2024-09-11,6,Deportes,38,16670.37,438.69
2024-09-11,7,Libros,10,4168.53,416.85
2024-09-11,8,Alimentacion,18,4129.96,229.44
2024-09-12,1,Electronica,5,2257.17,451.43
2024-09-12,2,Informatica,32,14471.04,452.22
2024-09-12,3,Moviles,16,6360.21,397.51
2024-09-12,4,Ropa,15,6586.97,439.13
2024-09-12,5,Hogar,23,10847.47,471.63
2024-09-12,6,Deportes,20,5154.06,257.7
2024-09-12,7,Libros,6,766.3,127.72
2024-09-12,8,Alimentacion,18,7441.05,413.39
2024-09-13,1,Electronica,14,5896.52,421.18
2024-09-13,2,Informatica,9,3972.21,441.36
2024-09-13,3,Moviles,24,2892.71,120.53
2024-09-13,4,Ropa,9,3226.98,358.55
2024-09-13,5,Hogar,9,2411.82,267.98
2024-09-13,6,Deportes,14,5177.14,369.8
2024-09-13,7,Libros,36,15018.05,417.17
2024-09-13,8,Alimentacion,37,16188.24,437.52
2024-09-14,1,Electronica,22,12292.93,558.77
2024-09-14,2,Informatica,33,5692.62,172.5
2024-09-14,3,Moviles,11,2338.25,212.57
2024-09-14,4,Ropa,30,8779.51,292.65
2024-09-14,5,Hogar,16,4981.8,311.36
2024-09-14,6,Deportes,11,5806.68,527.88
2024-09-14,7,Libros,34,8772.68,258.02
2024-09-14,8,Alimentacion,18,1727.33,95.96
2024-09-15,1,Electronica,19,2572.96,135.42
2024-09-15,2,Informatica,18,8954.88,497.49
2024-09-15,3,Moviles,26,5833.82,224.38
2024-09-15,4,Ropa,5,2598.7,519.74
2024-09-15,5,Hogar,9,4954.87,550.54
2024-09-15,6,Deportes,15,7303.03,486.87
2024-09-15,7,Libros,24,10172.03,423.83
2024-09-15,8,Alimentacion,16,1659.86,103.74
2024-09-16,1,Electronica,35,4567.26,130.49
2024-09-16,2,Informatica,8,2233.33,279.17
2024-09-16,3,Moviles,10,3762.01,376.2
2024-09-16,4,Ropa,19,2133.1,112.27
2024-09-16,5,Hogar,23,2017.22,87.71
2024-09-16,6,Deportes,13,7367.73,566.75
2024-09-16,7,Libros,27,7265.41,269.09
2024-09-16,8,Alimentacion,16,2431.15,151.95
2024-09-17,1,Electronica,21,5725.67,272.65
2024-09-17,2,Informatica,15,5279.79,351.99
2024-09-17,3,Moviles,12,6403.84,533.65
2024-09-17,4,Ropa,15,3425.18,228.35
2024-09-17,5,Hogar,29,16378.41,564.77
2024-09-17,6,Deportes,6,1178.82,196.47
2024-09-17,7,Libros,17,9197.74,541.04
2024-09-17,8,Alimentacion,29,15185.31,523.63
2024-09-18,1,Electronica,20,8270.82,413.54
2024-09-18,2,Informatica,35,7585.16,216.72
2024-09-18,3,Moviles,5,531.48,106.3
2024-09-18,4,Ropa,29,14933.29,514.94
2024-09-18,5,Hogar,20,4531.15,226.56
2024-09-18,6,Deportes,35,10777.87,307.94
2024-09-18,7,Libros,12,1645.65,137.14
2024-09-18,8,Alimentacion,40,17999.67,449.99
2024-09-19,1,Electronica,10,2904.41,290.44
2024-09-19,2,Informatica,36,11856.62,329.35
2024-09-19,3,Moviles,16,8849.92,553.12
2024-09-19,4,Ropa,32,9886.03,308.94
2024-09-19,5,Hogar,12,2150.53,179.21
2024-09-19,6,Deportes,22,5891.46,267.79
2024-09-19,7,Libros,35,7151.26,204.32
2024-09-19,8,Alimentacion,26,9580.73,368.49
2024-09-20,1,Electronica,9,3103.59,344.84
2024-09-20,2,Informatica,35,16344.84,467.0
2024-09-20,3,Moviles,29,3979.52,137.22
2024-09-20,4,Ropa,32,11293.34,352.92
2024-09-20,5,Hogar,20,7024.05,351.2
2024-09-20,6,Deportes,37,19596.13,529.63
2024-09-20,7,Libros,18,2390.04,132.78
2024-09-20,8,Alimentacion,35,7628.52,217.96
2024-09-21,1,Electronica,34,16599.87,488.23
2024-09-21,2,Informatica,13,1543.18,118.71
2024-09-21,3,Moviles,33,13467.91,408.12
2024-09-21,4,Ropa,11,2054.51,186.77
2024-09-21,5,Hogar,28,3232.2,115.44
2024-09-21,6,Deportes,35,11564.76,330.42
2024-09-21,7,Libros,16,5519.34,344.96
2024-09-21,8,Alimentacion,37,20327.3,549.39
2024-09-22,1,Electronica,35,15301.85,437.2
2024-09-22,2,Informatica,7,2515.14,359.31
2024-09-22,3,Moviles,19,9152.93,481.73
2024-09-22,4,Ropa,13,5441.68,418.59
2024-09-22,5,Hogar,14,3939.96,281.43
2024-09-22,6,Deportes,25,11624.85,464.99
2024-09-22,7,Libros,28,11798.02,421.36
2024-09-22,8,Alimentacion,16,7102.05,443.88
2024-09-23,1,Electronica,6,2345.63,390.94
2024-09-23,2,Informatica,10,3136.78,313.68
2024-09-23,3,Moviles,7,1598.02,228.29
2024-09-23,4,Ropa,13,6713.43,516.42
2024-09-23,5,Hogar,24,11266.64,469.44
2024-09-23,6,Deportes,17,9664.66,568.51
2024-09-23,7,Libros,30,2790.41,93.01
2024-09-23,8,Alimentacion,15,1298.36,86.56
2024-09-24,1,Electronica,35,7042.44,201.21
2024-09-24,2,Informatica,35,9601.57,274.33
2024-09-24,3,Moviles,36,15470.92,429.75
2024-09-24,4,Ropa,18,7254.62,403.03
2024-09-24,5,Hogar,18,3240.89,180.05
2024-09-24,6,Deportes,35,6474.73,184.99
2024-09-24,7,Libros,34,7510.92,220.91
2024-09-24,8,Alimentacion,25,2412.98,96.52
2024-09-25,1,Electronica,16,4135.13,258.45
2024-09-25,2,Informatica,6,2253.99,375.66
2024-09-25,3,Moviles,15,3059.78,203.99
2024-09-25,4,Ropa,5,802.51,160.5
2024-09-25,5,Hogar,21,8304.62,395.46
2024-09-25,6,Deportes,35,13026.11,372.17
2024-09-25,7,Libros,29,4396.35,151.6
2024-09-25,8,Alimentacion,20,7445.87,372.29
2024-09-26,1,Electronica,22,12745.26,579.33
2024-09-26,2,Informatica,14,7747.48,553.39
2024-09-26,3,Moviles,38,5712.78,150.34
2024-09-26,4,Ropa,25,13524.84,540.99
2024-09-26,5,Hogar,8,1337.83,167.23
2024-09-26,6,Deportes,32,5347.23,167.1
2024-09-26,7,Libros,33,16196.68,490.81
2024-09-26,8,Alimentacion,21,11381.05,541.95
2024-09-27,1,Electronica,19,10018.98,527.31
2024-09-27,2,Informatica,22,12831.13,583.23
2024-09-27,3,Moviles,31,4008.87,129.32
2024-09-27,4,Ropa,32,17781.87,555.68
2024-09-27,5,Hogar,11,6413.93,583.08
2024-09-27,6,Deportes,23,2683.59,116.68
2024-09-27,7,Libros,16,8522.16,532.63
2024-09-27,8,Alimentacion,31,3662.28,118.14
2024-09-28,1,Electronica,29,15120.13,521.38
2024-09-28,2,Informatica,37,14178.51,383.2
2024-09-28,3,Moviles,33,6822.68,206.75
2024-09-28,4,Ropa,38,14625.14,384.87
2024-09-28,5,Hogar,28,15326.1,547.36
2024-09-28,6,Deportes,40,7207.85,180.2
2024-09-28,7,Libros,9,3491.43,387.94
2024-09-28,8,Alimentacion,21,7907.84,376.56
2024-09-29,1,Electronica,16,8430.59,526.91
2024-09-29,2,Informatica,21,8706.75,414.61
2024-09-29,3,Moviles,31,8384.24,270.46
2024-09-29,4,Ropa,38,8126.96,213.87
2024-09-29,5,Hogar,9,4000.87,444.54
2024-09-29,6,Deportes,8,3236.88,404.61
2024-09-29,7,Libros,35,6664.48,190.41
2024-09-29,8,Alimentacion,25,12394.77,495.79
2024-09-30,1,Electronica,5,1556.73,311.35
2024-09-30,2,Informatica,26,11245.73,432.53
2024-09-30,3,Moviles,16,5153.0,322.06
2024-09-30,4,Ropa,25,12213.98,488.56
2024-09-30,5,Hogar,19,11184.71,588.67
2024-09-30,6,Deportes,10,5781.11,578.11
2024-09-30,7,Libros,18,6518.2,362.12
2024-09-30,8,Alimentacion,30,17400.82,580.03
2024-10-01,1,Electronica,19,5183.56,272.82
2024-10-01,2,Informatica,28,7774.08,277.65
2024-10-01,3,Moviles,36,17236.01,478.78
2024-10-01,4,Ropa,13,7784.26,598.79
2024-10-01,5,Hogar,18,9666.65,537.04
2024-10-01,6,Deportes,12,1182.58,98.55
2024-10-01,7,Libros,13,7019.64,539.97
2024-10-01,8,Alimentacion,31,12899.45,416.11
2024-10-02,1,Electronica,35,13398.82,382.82
2024-10-02,2,Informatica,26,9880.49,380.02
2024-10-02,3,Moviles,27,7005.26,259.45
2024-10-02,4,Ropa,32,7793.19,243.54
2024-10-02,5,Hogar,35,15414.75,440.42
2024-10-02,6,Deportes,15,4273.42,284.89
2024-10-02,7,Libros,12,6965.89,580.49
2024-10-02,8,Alimentacion,23,11833.06,514.48
2024-10-03,1,Electronica,18,7379.73,409.98
2024-10-03,2,Informatica,17,4623.86,271.99
2024-10-03,3,Moviles,24,10016.07,417.34
2024-10-03,4,Ropa,15,7608.28,507.22
2024-10-03,5,Hogar,34,17741.87,521.82
2024-10-03,6,Deportes,7,1281.87,183.12
2024-10-03,7,Libros,5,1948.34,389.67
2024-10-03,8,Alimentacion,31,14177.02,457.32
2024-10-04,1,Electronica,22,2092.43,95.11
2024-10-04,2,Informatica,5,2576.44,515.29
2024-10-04,3,Moviles,10,4418.61,441.86
2024-10-04,4,Ropa,5,851.32,170.26
2024-10-04,5,Hogar,16,3485.91,217.87
2024-10-04,6,Deportes,20,1800.9,90.05
2024-10-04,7,Libros,12,1474.63,122.89
2024-10-04,8,Alimentacion,10,5843.79,584.38
2024-10-05,1,Electronica,14,4540.66,324.33
2024-10-05,2,Informatica,9,3164.48,351.61
2024-10-05,3,Moviles,25,5793.0,231.72
2024-10-05,4,Ropa,35,18720.65,534.88
2024-10-05,5,Hogar,26,2823.33,108.59
2024-10-05,6,Deportes,10,2172.73,217.27
2024-10-05,7,Libros,21,2678.04,127.53
2024-10-05,8,Alimentacion,8,3537.97,442.25
2024-10-06,1,Electronica,21,3118.87,148.52
2024-10-06,2,Informatica,26,6699.76,257.68
2024-10-06,3,Moviles,36,5520.74,153.35
2024-10-06,4,Ropa,40,19947.3,498.68
2024-10-06,5,Hogar,14,7227.45,516.25
2024-10-06,6,Deportes,32,8970.3,280.32
2024-10-06,7,Libros,6,1195.77,199.29
2024-10-06,8,Alimentacion,9,4473.33,497.04
2024-10-07,1,Electronica,11,1255.45,114.13
2024-10-07,2,Informatica,14,2512.64,179.47
2024-10-07,3,Moviles,33,16436.84,498.09
2024-10-07,4,Ropa,19,7669.79,403.67
2024-10-07,5,Hogar,35,13083.51,373.81
2024-10-07,6,Deportes,13,1128.88,86.84
2024-10-07,7,Libros,18,2449.9,136.11
2024-10-07,8,Alimentacion,34,6979.52,205.28
2024-10-08,1,Electronica,21,7154.23,340.68
2024-10-08,2,Informatica,38,13575.09,357.24
2024-10-08,3,Moviles,8,768.56,96.07
2024-10-08,4,Ropa,6,1169.45,194.91
2024-10-08,5,Hogar,23,4369.11,189.96
2024-10-08,6,Deportes,34,13588.25,399.65
2024-10-08,7,Libros,16,2982.59,186.41
2024-10-08,8,Alimentacion,24,14341.85,597.58
2024-10-09,1,Electronica,21,3113.01,148.24
2024-10-09,2,Informatica,8,1581.46,197.68
2024-10-09,3,Moviles,26,13260.92,510.04
2024-10-09,4,Ropa,24,6868.55,286.19
2024-10-09,5,Hogar,38,17290.71,455.02
2024-10-09,6,Deportes,8,3862.45,482.81
2024-10-09,7,Libros,25,3158.78,126.35
2024-10-09,8,Alimentacion,8,1992.13,249.02
2024-10-10,1,Electronica,20,3173.02,158.65
2024-10-10,2,Informatica,20,6402.26,320.11
2024-10-10,3,Moviles,17,4193.93,246.7
2024-10-10,4,Ropa,37,16781.31,453.55
2024-10-10,5,Hogar,28,12224.81,436.6
2024-10-10,6,Deportes,35,12432.56,355.22
2024-10-10,7,Libros,9,1217.09,135.23
2024-10-10,8,Alimentacion,9,3639.1,404.34
2024-10-11,1,Electronica,32,10605.9,331.43
2024-10-11,2,Informatica,21,10454.52,497.83
2024-10-11,3,Moviles,37,7228.98,195.38
2024-10-11,4,Ropa,25,13079.79,523.19
2024-10-11,5,Hogar,31,14897.57,480.57
2024-10-11,6,Deportes,28,10029.32,358.19
2024-10-11,7,Libros,25,10043.68,401.75
2024-10-11,8,Alimentacion,11,5279.53,479.96
2024-10-12,1,Electronica,10,4111.4,411.14
2024-10-12,2,Informatica,22,3282.09,149.19
2024-10-12,3,Moviles,40,5882.2,147.06
2024-10-12,4,Ropa,34,14814.17,435.71
2024-10-12,5,Hogar,7,1651.91,235.99
2024-10-12,6,Deportes,9,4709.34,523.26
2024-10-12,7,Libros,26,7993.02,307.42
2024-10-12,8,Alimentacion,10,1553.11,155.31
2024-10-13,1,Electronica,11,4974.79,452.25
2024-10-13,2,Informatica,8,772.65,96.58
2024-10-13,3,Moviles,13,4622.98,355.61
2024-10-13,4,Ropa,9,2198.91,244.32
2024-10-13,5,Hogar,39,15362.34,393.91
2024-10-13,6,Deportes,31,5206.1,167.94
2024-10-13,7,Libros,16,4498.79,281.17
2024-10-13,8,Alimentacion,32,14339.53,448.11
2024-10-14,1,Electronica,28,4034.8,144.1
2024-10-14,2,Informatica,20,6364.04,318.2
2024-10-14,3,Moviles,40,5633.21,140.83
2024-10-14,4,Ropa,21,11977.07,570.34
2024-10-14,5,Hogar,29,9449.35,325.84
2024-10-14,6,Deportes,16,6305.71,394.11
2024-10-14,7,Libros,23,10914.79,474.56
2024-10-14,8,Alimentacion,30,13570.19,452.34
2024-10-15,1,Electronica,13,6103.23,469.48
2024-10-15,2,Informatica,36,4883.04,135.64
2024-10-15,3,Moviles,37,9479.49,256.2
2024-10-15,4,Ropa,20,1887.64,94.38
2024-10-15,5,Hogar,37,11987.69,323.99
2024-10-15,6,Deportes,14,8226.97,587.64
2024-10-15,7,Libros,25,6074.76,242.99
2024-10-15,8,Alimentacion,26,11308.99,434.96
2024-10-16,1,Electronica,31,3388.88,109.32
2024-10-16,2,Informatica,5,2643.95,528.79
2024-10-16,3,Moviles,27,2306.23,85.42
2024-10-16,4,Ropa,21,8303.27,395.39
2024-10-16,5,Hogar,7,4025.35,575.05
2024-10-16,6,Deportes,25,4962.99,198.52
2024-10-16,7,Libros,25,12645.84,505.83
2024-10-16,8,Alimentacion,22,12623.52,573.8
2024-10-17,1,Electronica,24,6595.62,274.82
2024-10-17,2,Informatica,27,7697.54,285.09
2024-10-17,3,Moviles,23,3158.49,137.33
2024-10-17,4,Ropa,19,1644.4,86.55
2024-10-17,5,Hogar,31,14671.4,473.27
2024-10-17,6,Deportes,20,10096.39,504.82
2024-10-17,7,Libros,8,4761.07,595.13
2024-10-17,8,Alimentacion,15,7087.75,472.52
2024-10-18,1,Electronica,24,5080.15,211.67
2024-10-18,2,Informatica,25,6948.72,277.95
2024-10-18,3,Moviles,24,3587.23,149.47
2024-10-18,4,Ropa,39,17584.77,450.89
2024-10-18,5,Hogar,8,2076.36,259.55
2024-10-18,6,Deportes,16,8334.33,520.9
2024-10-18,7,Libros,13,6834.51,525.73
2024-10-18,8,Alimentacion,39,16351.85,419.28
2024-10-19,1,Electronica,8,3941.34,492.67
2024-10-19,2,Informatica,40,23566.99,589.17
2024-10-19,3,Moviles,26,8437.35,324.51
2024-10-19,4,Ropa,34,16549.94,486.76
2024-10-19,5,Hogar,18,8267.57,459.31
2024-10-19,6,Deportes,28,5870.46,209.66
2024-10-19,7,Libros,11,1556.95,141.54
2024-10-19,8,Alimentacion,6,3297.49,549.58
2024-10-20,1,Electronica,6,1188.54,198.09
2024-10-20,2,Informatica,9,3598.48,399.83
2024-10-20,3,Moviles,36,16753.5,465.38
2024-10-20,4,Ropa,17,8961.57,527.15
2024-10-20,5,Hogar,30,7253.8,241.79
2024-10-20,6,Deportes,35,20163.98,576.11
2024-10-20,7,Libros,24,9890.13,412.09
2024-10-20,8,Alimentacion,35,8597.16,245.63
2024-10-21,1,Electronica,27,12461.65,461.54
2024-10-21,2,Informatica,24,11143.6,464.32
2024-10-21,3,Moviles,27,10208.68,378.1
2024-10-21,4,Ropa,11,4311.34,391.94
2024-10-21,5,Hogar,38,4392.44,115.59
2024-10-21,6,Deportes,33,9785.66,296.54
2024-10-21,7,Libros,19,3574.38,188.13
2024-10-21,8,Alimentacion,28,10142.7,362.24
2024-10-22,1,Electronica,12,5045.9,420.49
2024-10-22,2,Informatica,7,2239.98,320.0
2024-10-22,3,Moviles,32,2953.28,92.29
2024-10-22,4,Ropa,13,3942.18,303.24
2024-10-22,5,Hogar,10,1755.81,175.58
2024-10-22,6,Deportes,23,11652.12,506.61
2024-10-22,7,Libros,27,3585.8,132.81
2024-10-22,8,Alimentacion,8,1551.07,193.88
2024-10-23,1,Electronica,32,5184.81,162.03
2024-10-23,2,Informatica,9,5071.32,563.48
2024-10-23,3,Moviles,17,4252.99,250.18
2024-10-23,4,Ropa,26,9050.11,348.08
2024-10-23,5,Hogar,16,5367.39,335.46
2024-10-23,6,Deportes,37,3168.51,85.64
2024-10-23,7,Libros,14,5523.41,394.53
2024-10-23,8,Alimentacion,29,17399.4,599.98
2024-10-24,1,Electronica,40,21920.43,548.01
2024-10-24,2,Informatica,15,2630.07,175.34
2024-10-24,3,Moviles,40,21482.29,537.06
2024-10-24,4,Ropa,12,6379.25,531.6
2024-10-24,5,Hogar,28,3017.76,107.78
2024-10-24,6,Deportes,8,1502.76,187.84
2024-10-24,7,Libros,6,3292.24,548.71
2024-10-24,8,Alimentacion,18,6221.07,345.62
2024-10-25,1,Electronica,14,5196.54,371.18
2024-10-25,2,Informatica,14,2235.35,159.67
2024-10-25,3,Moviles,33,16426.44,497.77
2024-10-25,4,Ropa,32,4827.22,150.85
2024-10-25,5,Hogar,21,8277.36,394.16
2024-10-25,6,Deportes,19,5672.28,298.54
2024-10-25,7,Libros,37,15051.93,406.81
2024-10-25,8,Alimentacion,8,1024.21,128.03
2024-10-26,1,Electronica,5,2486.98,497.4
2024-10-26,2,Informatica,15,7037.18,469.15
2024-10-26,3,Moviles,20,7201.09,360.05
2024-10-26,4,Ropa,19,6624.8,348.67
2024-10-26,5,Hogar,16,3211.54,200.72
2024-10-26,6,Deportes,16,8802.44,550.15
2024-10-26,7,Libros,17,9988.07,587.53
2024-10-26,8,Alimentacion,12,5635.11,469.59
2024-10-27,1,Electronica,18,3990.96,221.72
2024-10-27,2,Informatica,32,17953.6,561.05
2024-10-27,3,Moviles,8,2671.75,333.97
2024-10-27,4,Ropa,5,1550.83,310.17
2024-10-27,5,Hogar,10,5316.48,531.65
2024-10-27,6,Deportes,40,17294.74,432.37
2024-10-27,7,Libros,14,3449.12,246.37
2024-10-27,8,Alimentacion,15,6181.93,412.13
2024-10-28,1,Electronica,39,9935.03,254.74
2024-10-28,2,Informatica,20,11963.81,598.19
2024-10-28,3,Moviles,19,3112.92,163.84
2024-10-28,4,Ropa,31,8227.54,265.4
2024-10-28,5,Hogar,32,7605.05,237.66
2024-10-28,6,Deportes,15,6152.96,410.2
2024-10-28,7,Libros,33,4098.32,124.19
2024-10-28,8,Alimentacion,17,6573.23,386.66
2024-10-29,1,Electronica,12,4108.46,342.37
2024-10-29,2,Informatica,16,4754.74,297.17
2024-10-29,3,Moviles,33,15830.88,479.72
2024-10-29,4,Ropa,36,11735.83,326.0
2024-10-29,5,Hogar,22,7153.13,325.14
2024-10-29,6,Deportes,17,5530.97,325.35
2024-10-29,7,Libros,37,5743.11,155.22
2024-10-29,8,Alimentacion,15,3016.73,201.12
2024-10-30,1,Electronica,27,12006.82,444.7
2024-10-30,2,Informatica,9,2607.89,289.77
2024-10-30,3,Moviles,27,12466.08,461.71
2024-10-30,4,Ropa,26,6838.91,263.03
2024-10-30,5,Hogar,30,12469.76,415.66
2024-10-30,6,Deportes,34,18001.55,529.46
2024-10-30,7,Libros,40,3333.37,83.33
2024-10-30,8,Alimentacion,35,9251.4,264.33
2024-10-31,1,Electronica,30,17252.29,575.08
2024-10-31,2,Informatica,24,3872.74,161.36
2024-10-31,3,Moviles,5,2868.19,573.64
2024-10-31,4,Ropa,14,5681.19,405.8
2024-10-31,5,Hogar,30,14739.86,491.33
2024-10-31,6,Deportes,19,4879.78,256.83
2024-10-31,7,Libros,15,5485.24,365.68
2024-10-31,8,Alimentacion,30,12553.96,418.47
2024-11-01,1,Electronica,57,7980.98,140.02
2024-11-01,2,Informatica,15,6007.81,400.52
2024-11-01,3,Moviles,87,26902.38,309.22
2024-11-01,4,Ropa,55,14794.59,268.99
2024-11-01,5,Hogar,15,3928.75,261.92
2024-11-01,6,Deportes,97,47695.44,491.71
2024-11-01,7,Libros,62,25566.82,412.37
2024-11-01,8,Alimentacion,87,12219.2,140.45
2024-11-02,1,Electronica,52,14627.71,281.3
2024-11-02,2,Informatica,52,4613.12,88.71
2024-11-02,3,Moviles,72,8275.76,114.94
2024-11-02,4,Ropa,97,8365.13,86.24
2024-11-02,5,Hogar,65,14932.34,229.73
2024-11-02,6,Deportes,90,14698.49,163.32
2024-11-02,7,Libros,72,6574.65,91.31
2024-11-02,8,Alimentacion,42,7939.88,189.04
2024-11-03,1,Electronica,32,5004.25,156.38
2024-11-03,2,Informatica,47,9119.05,194.02
2024-11-03,3,Moviles,80,17375.54,217.19
2024-11-03,4,Ropa,27,15455.05,572.41
2024-11-03,5,Hogar,100,36643.53,366.44
2024-11-03,6,Deportes,25,12047.65,481.91
2024-11-03,7,Libros,35,10699.42,305.7
2024-11-03,8,Alimentacion,42,4230.67,100.73
2024-11-04,1,Electronica,90,47382.83,526.48
2024-11-04,2,Informatica,72,21568.09,299.56
2024-11-04,3,Moviles,40,15617.43,390.44
2024-11-04,4,Ropa,60,5988.61,99.81
2024-11-04,5,Hogar,20,3268.68,163.43
2024-11-04,6,Deportes,17,1552.66,91.33
2024-11-04,7,Libros,37,5121.34,138.41
2024-11-04,8,Alimentacion,37,5020.85,135.7
2024-11-05,1,Electronica,42,16666.21,396.81
2024-11-05,2,Informatica,42,11236.41,267.53
2024-11-05,3,Moviles,80,19932.2,249.15
2024-11-05,4,Ropa,77,16302.66,211.72
2024-11-05,5,Hogar,47,15566.34,331.2
2024-11-05,6,Deportes,15,8960.17,597.34
2024-11-05,7,Libros,40,6643.69,166.09
2024-11-05,8,Alimentacion,35,17245.28,492.72
2024-11-06,1,Electronica,20,6233.52,311.68
2024-11-06,2,Informatica,17,8283.37,487.26
2024-11-06,3,Moviles,100,49127.59,491.28
2024-11-06,4,Ropa,12,3777.9,314.82
2024-11-06,5,Hogar,15,5887.88,392.53
2024-11-06,6,Deportes,65,27514.49,423.3
2024-11-06,7,Libros,92,52490.17,570.55
2024-11-06,8,Alimentacion,20,11114.29,555.71
2024-11-07,1,Electronica,100,34860.08,348.6
2024-11-07,2,Informatica,90,15392.14,171.02
2024-11-07,3,Moviles,72,11624.01,161.44
2024-11-07,4,Ropa,12,4081.94,340.16
2024-11-07,5,Hogar,92,52267.66,568.13
2024-11-07,6,Deportes,70,20673.37,295.33
2024-11-07,7,Libros,42,15806.2,376.34
2024-11-07,8,Alimentacion,77,19523.69,253.55
2024-11-08,1,Electronica,87,50186.88,576.86
2024-11-08,2,Informatica,37,9046.48,244.5
2024-11-08,3,Moviles,72,12905.91,179.25
2024-11-08,4,Ropa,45,22137.64,491.95
2024-11-08,5,Hogar,12,7142.48,595.21
2024-11-08,6,Deportes,62,15221.13,245.5
2024-11-08,7,Libros,100,21639.07,216.39
2024-11-08,8,Alimentacion,65,10555.77,162.4
2024-11-09,1,Electronica,97,32412.16,334.15
2024-11-09,2,Informatica,55,28951.9,526.4
2024-11-09,3,Moviles,25,8396.52,335.86
2024-11-09,4,Ropa,17,2677.9,157.52
2024-11-09,5,Hogar,25,9453.26,378.13
2024-11-09,6,Deportes,57,21944.52,384.99
2024-11-09,7,Libros,80,35728.63,446.61
2024-11-09,8,Alimentacion,12,1504.54,125.38
2024-11-10,1,Electronica,32,4272.28,133.51
2024-11-10,2,Informatica,55,29468.26,535.79
2024-11-10,3,Moviles,80,24778.79,309.73
2024-11-10,4,Ropa,52,6359.91,122.31
2024-11-10,5,Hogar,82,34222.38,417.35
2024-11-10,6,Deportes,27,2661.03,98.56
2024-11-10,7,Libros,60,11492.48,191.54
2024-11-10,8,Alimentacion,52,11674.42,224.51
2024-11-11,1,Electronica,70,13087.21,186.96
2024-11-11,2,Informatica,92,52476.98,570.4
2024-11-11,3,Moviles,95,28681.83,301.91
2024-11-11,4,Ropa,55,17447.78,317.23
2024-11-11,5,Hogar,62,17896.51,288.65
2024-11-11,6,Deportes,87,50313.53,578.32
2024-11-11,7,Libros,17,7982.14,469.54
2024-11-11,8,Alimentacion,35,17565.8,501.88
2024-11-12,1,Electronica,57,6146.54,107.83
2024-11-12,2,Informatica,97,44931.62,463.21
2024-11-12,3,Moviles,32,8411.01,262.84
2024-11-12,4,Ropa,72,37879.94,526.11
2024-11-12,5,Hogar,52,26195.7,503.76
2024-11-12,6,Deportes,17,5292.23,311.31
2024-11-12,7,Libros,15,1877.73,125.18
2024-11-12,8,Alimentacion,17,3264.23,192.01
2024-11-13,1,Electronica,87,46593.6,535.56
2024-11-13,2,Informatica,25,11478.82,459.15
2024-11-13,3,Moviles,65,33588.19,516.74
2024-11-13,4,Ropa,40,23100.97,577.52
2024-11-13,5,Hogar,30,12463.25,415.44
2024-11-13,6,Deportes,92,19811.65,215.34
2024-11-13,7,Libros,37,6111.41,165.17
2024-11-13,8,Alimentacion,47,15341.93,326.42
2024-11-14,1,Electronica,47,9874.53,210.1
2024-11-14,2,Informatica,20,3900.02,195.0
2024-11-14,3,Moviles,60,35097.12,584.95
2024-11-14,4,Ropa,22,8976.54,408.02
2024-11-14,5,Hogar,97,39266.71,404.81
2024-11-14,6,Deportes,82,15610.0,190.37
2024-11-14,7,Libros,77,42746.45,555.15
2024-11-14,8,Alimentacion,62,26947.53,434.64
2024-11-15,1,Electronica,72,14447.32,200.66
2024-11-15,2,Informatica,85,28054.51,330.05
2024-11-15,3,Moviles,95,55122.67,580.24
2024-11-15,4,Ropa,52,8499.86,163.46
2024-11-15,5,Hogar,30,11044.21,368.14
2024-11-15,6,Deportes,75,40688.11,542.51
2024-11-15,7,Libros,32,17517.39,547.42
2024-11-15,8,Alimentacion,87,29270.6,336.44
2024-11-16,1,Electronica,55,20508.08,372.87
2024-11-16,2,Informatica,27,9938.65,368.1
2024-11-16,3,Moviles,65,10679.93,164.31
2024-11-16,4,Ropa,27,7322.2,271.19
2024-11-16,5,Hogar,30,17713.81,590.46
2024-11-16,6,Deportes,32,10857.88,339.31
2024-11-16,7,Libros,57,33216.42,582.74
2024-11-16,8,Alimentacion,72,27391.02,380.43
2024-11-17,1,Electronica,40,9728.19,243.2
2024-11-17,2,Informatica,15,3679.14,245.28
2024-11-17,3,Moviles,85,12280.51,144.48
2024-11-17,4,Ropa,57,18053.58,316.73
2024-11-17,5,Hogar,70,26094.01,372.77
2024-11-17,6,Deportes,70,23097.95,329.97
2024-11-17,7,Libros,42,15224.26,362.48
2024-11-17,8,Alimentacion,40,10695.19,267.38
2024-11-18,1,Electronica,42,9918.14,236.15
2024-11-18,2,Informatica,50,22441.65,448.83
2024-11-18,3,Moviles,22,6570.44,298.66
2024-11-18,4,Ropa,45,16543.95,367.64
2024-11-18,5,Hogar,45,15649.06,347.76
2024-11-18,6,Deportes,30,14150.02,471.67
2024-11-18,7,Libros,50,21395.65,427.91
2024-11-18,8,Alimentacion,57,32026.53,561.87
2024-11-19,1,Electronica,42,18172.18,432.67
2024-11-19,2,Informatica,12,2623.37,218.61
2024-11-19,3,Moviles,80,10042.12,125.53
2024-11-19,4,Ropa,55,13351.8,242.76
2024-11-19,5,Hogar,12,4174.69,347.89
2024-11-19,6,Deportes,67,36804.14,549.32
2024-11-19,7,Libros,97,49339.84,508.66
2024-11-19,8,Alimentacion,12,4536.09,378.01
2024-11-20,1,Electronica,40,22048.14,551.2
2024-11-20,2,Informatica,47,6244.47,132.86
2024-11-20,3,Moviles,30,6572.25,219.07
2024-11-20,4,Ropa,92,53113.93,577.33
2024-11-20,5,Hogar,72,20925.81,290.64
2024-11-20,6,Deportes,15,1724.79,114.99
2024-11-20,7,Libros,80,10996.89,137.46
2024-11-20,8,Alimentacion,55,19111.93,347.49
2024-11-21,1,Electronica,80,21551.85,269.4
2024-11-21,2,Informatica,15,8637.71,575.85
2024-11-21,3,Moviles,20,11933.25,596.66
2024-11-21,4,Ropa,97,40719.36,419.79
2024-11-21,5,Hogar,37,10113.38,273.33
2024-11-21,6,Deportes,70,25666.02,366.66
2024-11-21,7,Libros,67,37381.89,557.94
2024-11-21,8,Alimentacion,70,14884.52,212.64
2024-11-22,1,Electronica,35,5758.81,164.54
2024-11-22,2,Informatica,35,5518.46,157.67
2024-11-22,3,Moviles,30,4896.55,163.22
2024-11-22,4,Ropa,92,34490.48,374.9
2024-11-22,5,Hogar,27,10028.92,371.44
2024-11-22,6,Deportes,77,24711.67,320.93
2024-11-22,7,Libros,12,5499.3,458.28
2024-11-22,8,Alimentacion,50,14989.23,299.78
2024-11-23,1,Electronica,50,28068.86,561.38
2024-11-23,2,Informatica,12,2469.53,205.79
2024-11-23,3,Moviles,67,13773.01,205.57
2024-11-23,4,Ropa,25,12852.82,514.11
2024-11-23,5,Hogar,72,21835.06,303.26
2024-11-23,6,Deportes,87,41573.64,477.86
2024-11-23,7,Libros,47,27601.97,587.28
2024-11-23,8,Alimentacion,20,6307.31,315.37
2024-11-24,1,Electronica,92,18786.07,204.2
2024-11-24,2,Informatica,17,6699.68,394.1
2024-11-24,3,Moviles,40,7322.87,183.07
2024-11-24,4,Ropa,52,6381.78,122.73
2024-11-24,5,Hogar,65,30701.71,472.33
2024-11-24,6,Deportes,65,27130.45,417.39
2024-11-24,7,Libros,80,37787.3,472.34
2024-11-24,8,Alimentacion,22,7619.17,346.33
2024-11-25,1,Electronica,82,16980.52,207.08
2024-11-25,2,Informatica,35,5931.75,169.48
2024-11-25,3,Moviles,80,19890.54,248.63
2024-11-25,4,Ropa,27,12075.1,447.23
2024-11-25,5,Hogar,80,45020.32,562.75
2024-11-25,6,Deportes,17,5760.22,338.84
2024-11-25,7,Libros,37,18712.6,505.75
2024-11-25,8,Alimentacion,20,4563.05,228.15
2024-11-26,1,Electronica,17,4324.45,254.38
2024-11-26,2,Informatica,27,9473.64,350.88
2024-11-26,3,Moviles,42,14512.36,345.53
2024-11-26,4,Ropa,37,7364.5,199.04
2024-11-26,5,Hogar,45,13739.24,305.32
2024-11-26,6,Deportes,85,10842.46,127.56
2024-11-26,7,Libros,85,6957.76,81.86
2024-11-26,8,Alimentacion,47,19935.93,424.17
2024-11-27,1,Electronica,27,4945.32,183.16
2024-11-27,2,Informatica,25,8970.2,358.81
2024-11-27,3,Moviles,57,34017.82,596.8
2024-11-27,4,Ropa,65,13588.07,209.05
2024-11-27,5,Hogar,65,12723.58,195.75
2024-11-27,6,Deportes,75,22246.54,296.62
2024-11-27,7,Libros,80,9274.81,115.94
2024-11-27,8,Alimentacion,25,2915.93,116.64
2024-11-28,1,Electronica,97,17439.63,179.79
2024-11-28,2,Informatica,52,29035.42,558.37
2024-11-28,3,Moviles,27,7529.39,278.87
2024-11-28,4,Ropa,90,19040.05,211.56
2024-11-28,5,Hogar,27,11564.34,428.31
2024-11-28,6,Deportes,90,33535.31,372.61
2024-11-28,7,Libros,82,19008.42,231.81
2024-11-28,8,Alimentacion,87,12701.78,146.0
2024-11-29,1,Electronica,22,7293.25,331.51
2024-11-29,2,Informatica,32,13542.18,423.19
2024-11-29,3,Moviles,15,6640.25,442.68
2024-11-29,4,Ropa,17,8338.63,490.51
2024-11-29,5,Hogar,22,3051.42,138.7
2024-11-29,6,Deportes,62,12698.39,204.81
2024-11-29,7,Libros,47,18008.52,383.16
2024-11-29,8,Alimentacion,55,14352.07,260.95
2024-11-30,1,Electronica,70,20402.01,291.46
2024-11-30,2,Informatica,55,9027.49,164.14
2024-11-30,3,Moviles,82,25233.78,307.73
2024-11-30,4,Ropa,12,1783.83,148.65
2024-11-30,5,Hogar,97,44385.01,457.58
2024-11-30,6,Deportes,50,20555.03,411.1
2024-11-30,7,Libros,35,14794.33,422.7
2024-11-30,8,Alimentacion,52,23543.45,452.76
2024-12-01,1,Electronica,30,15001.25,500.04
2024-12-01,2,Informatica,25,10729.49,429.18
2024-12-01,3,Moviles,12,1914.75,159.56
2024-12-01,4,Ropa,67,8293.82,123.79
2024-12-01,5,Hogar,60,35886.2,598.1
2024-12-01,6,Deportes,62,32258.67,520.3
2024-12-01,7,Libros,100,52985.74,529.86
2024-12-01,8,Alimentacion,82,47893.06,584.06
2024-12-02,1,Electronica,97,17673.4,182.2
2024-12-02,2,Informatica,95,17685.97,186.17
2024-12-02,3,Moviles,65,9471.38,145.71
2024-12-02,4,Ropa,67,23145.71,345.46
2024-12-02,5,Hogar,47,18901.26,402.15
2024-12-02,6,Deportes,92,13516.39,146.92
2024-12-02,7,Libros,15,4466.49,297.77
2024-12-02,8,Alimentacion,40,4107.05,102.68
2024-12-03,1,Electronica,57,12734.41,223.41
2024-12-03,2,Informatica,82,39863.06,486.13
2024-12-03,3,Moviles,95,31131.74,327.7
2024-12-03,4,Ropa,92,33314.88,362.12
2024-12-03,5,Hogar,97,22407.62,231.01
2024-12-03,6,Deportes,75,38370.75,511.61
2024-12-03,7,Libros,17,8596.07,505.65
2024-12-03,8,Alimentacion,87,21467.49,246.75
2024-12-04,1,Electronica,45,20665.1,459.22
2024-12-04,2,Informatica,67,30070.3,448.81
2024-12-04,3,Moviles,85,22688.2,266.92
2024-12-04,4,Ropa,70,32294.58,461.35
2024-12-04,5,Hogar,45,22929.18,509.54
2024-12-04,6,Deportes,80,33630.99,420.39
2024-12-04,7,Libros,52,21336.79,410.32
2024-12-04,8,Alimentacion,15,3327.78,221.85
2024-12-05,1,Electronica,20,5154.36,257.72
2024-12-05,2,Informatica,77,7455.8,96.83
2024-12-05,3,Moviles,95,51564.64,542.79
2024-12-05,4,Ropa,60,29897.62,498.29
2024-12-05,5,Hogar,47,12079.35,257.01
2024-12-05,6,Deportes,87,11871.54,136.45
2024-12-05,7,Libros,40,13343.38,333.58
2024-12-05,8,Alimentacion,70,12772.17,182.46
2024-12-06,1,Electronica,90,9223.05,102.48
2024-12-06,2,Informatica,32,17459.1,545.6
2024-12-06,3,Moviles,77,40901.07,531.18
2024-12-06,4,Ropa,82,18864.74,230.06
2024-12-06,5,Hogar,35,8515.65,243.3
2024-12-06,6,Deportes,40,18026.01,450.65
2024-12-06,7,Libros,67,15147.69,226.08
2024-12-06,8,Alimentacion,50,12618.93,252.38
2024-12-07,1,Electronica,40,21727.17,543.18
2024-12-07,2,Informatica,80,24039.8,300.5
2024-12-07,3,Moviles,35,16863.78,481.82
2024-12-07,4,Ropa,70,24136.19,344.8
2024-12-07,5,Hogar,30,16483.51,549.45
2024-12-07,6,Deportes,82,28328.2,345.47
2024-12-07,7,Libros,52,30843.11,593.14
2024-12-07,8,Alimentacion,75,21212.17,282.83
2024-12-08,1,Electronica,72,35041.11,486.68
2024-12-08,2,Informatica,70,9752.14,139.32
2024-12-08,3,Moviles,62,15694.43,253.14
2024-12-08,4,Ropa,17,6881.17,404.77
2024-12-08,5,Hogar,42,7877.71,187.56
2024-12-08,6,Deportes,47,10940.32,232.77
2024-12-08,7,Libros,42,18825.87,448.23
2024-12-08,8,Alimentacion,50,10066.85,201.34
2024-12-09,1,Electronica,62,8870.16,143.07
2024-12-09,2,Informatica,62,21596.73,348.33
2024-12-09,3,Moviles,25,8630.42,345.22
2024-12-09,4,Ropa,30,6102.94,203.43
2024-12-09,5,Hogar,82,19834.97,241.89
2024-12-09,6,Deportes,77,42802.58,555.88
2024-12-09,7,Libros,12,6590.38,549.2
2024-12-09,8,Alimentacion,30,7578.12,252.6
2024-12-10,1,Electronica,75,15374.77,205.0
2024-12-10,2,Informatica,80,16532.62,206.66
2024-12-10,3,Moviles,50,13807.38,276.15
2024-12-10,4,Ropa,17,5954.02,350.24
2024-12-10,5,Hogar,100,50143.89,501.44
2024-12-10,6,Deportes,55,17824.42,324.08
2024-12-10,7,Libros,87,28123.37,323.26
2024-12-10,8,Alimentacion,12,1299.32,108.28
2024-12-11,1,Electronica,72,23055.24,320.21
2024-12-11,2,Informatica,40,19380.84,484.52
2024-12-11,3,Moviles,87,31767.38,365.14
2024-12-11,4,Ropa,72,11743.06,163.1
2024-12-11,5,Hogar,27,15904.09,589.04
2024-12-11,6,Deportes,82,46592.03,568.2
2024-12-11,7,Libros,25,6038.69,241.55
2024-12-11,8,Alimentacion,45,19819.87,440.44
2024-12-12,1,Electronica,22,2829.69,128.62
2024-12-12,2,Informatica,25,4389.68,175.59
2024-12-12,3,Moviles,12,3659.35,304.95
2024-12-12,4,Ropa,92,29154.08,316.89
2024-12-12,5,Hogar,67,23341.1,348.37
2024-12-12,6,Deportes,37,4888.01,132.11
2024-12-12,7,Libros,95,31989.47,336.73
2024-12-12,8,Alimentacion,70,16164.95,230.93
2024-12-13,1,Electronica,97,18328.04,188.95
2024-12-13,2,Informatica,72,19155.07,266.04
2024-12-13,3,Moviles,65,25546.45,393.02
2024-12-13,4,Ropa,100,37294.34,372.94
2024-12-13,5,Hogar,57,27129.87,475.96
2024-12-13,6,Deportes,70,36298.25,518.55
2024-12-13,7,Libros,70,29496.57,421.38
2024-12-13,8,Alimentacion,97,40127.48,413.69
2024-12-14,1,Electronica,32,8025.19,250.79
2024-12-14,2,Informatica,30,7682.49,256.08
2024-12-14,3,Moviles,77,7067.5,91.79
2024-12-14,4,Ropa,70,13689.98,195.57
2024-12-14,5,Hogar,12,1970.77,164.23
2024-12-14,6,Deportes,42,17879.02,425.69
2024-12-14,7,Libros,82,21940.67,267.57
2024-12-14,8,Alimentacion,52,10452.76,201.01
2024-12-15,1,Electronica,85,14075.17,165.59
2024-12-15,2,Informatica,70,35268.55,503.84
2024-12-15,3,Moviles,20,1899.09,94.95
2024-12-15,4,Ropa,47,25448.69,541.46
2024-12-15,5,Hogar,62,26957.92,434.81
2024-12-15,6,Deportes,17,5753.66,338.45
2024-12-15,7,Libros,87,43190.72,496.45
2024-12-15,8,Alimentacion,97,16485.7,169.96
2024-12-16,1,Electronica,40,17631.96,440.8
2024-12-16,2,Informatica,52,26096.48,501.86
2024-12-16,3,Moviles,92,13873.97,150.8
2024-12-16,4,Ropa,37,15632.57,422.5
2024-12-16,5,Hogar,62,14322.87,231.01
2024-12-16,6,Deportes,97,14519.56,149.69
2024-12-16,7,Libros,87,40107.93,461.01
2024-12-16,8,Alimentacion,30,4502.17,150.07
2024-12-17,1,Electronica,60,14191.58,236.53
2024-12-17,2,Informatica,42,15288.73,364.02
2024-12-17,3,Moviles,47,20180.5,429.37
2024-12-17,4,Ropa,62,23229.94,374.68
2024-12-17,5,Hogar,70,23566.57,336.67
2024-12-17,6,Deportes,100,58429.36,584.29
2024-12-17,7,Libros,20,8389.36,419.47
2024-12-17,8,Alimentacion,27,3294.27,122.01
2024-12-18,1,Electronica,17,6592.71,387.81
2024-12-18,2,Informatica,92,42191.88,458.61
2024-12-18,3,Moviles,55,27463.14,499.33
2024-12-18,4,Ropa,22,3787.11,172.14
2024-12-18,5,Hogar,95,8754.3,92.15
2024-12-18,6,Deportes,47,14514.27,308.81
2024-12-18,7,Libros,85,30346.94,357.02
2024-12-18,8,Alimentacion,40,7423.17,185.58
2024-12-19,1,Electronica,65,25590.77,393.7
2024-12-19,2,Informatica,32,8160.58,255.02
2024-12-19,3,Moviles,22,12165.78,552.99
2024-12-19,4,Ropa,15,6068.37,404.56
2024-12-19,5,Hogar,30,3189.31,106.31
2024-12-19,6,Deportes,57,24465.67,429.22
2024-12-19,7,Libros,60,33507.32,558.46
2024-12-19,8,Alimentacion,25,13310.86,532.43
2024-12-20,1,Electronica,82,32268.24,393.52
2024-12-20,2,Informatica,55,20217.48,367.59
2024-12-20,3,Moviles,12,6018.73,501.56
2024-12-20,4,Ropa,57,11307.84,198.38
2024-12-20,5,Hogar,25,14336.63,573.47
2024-12-20,6,Deportes,100,33168.77,331.69
2024-12-20,7,Libros,35,9749.76,278.56
2024-12-20,8,Alimentacion,97,31164.07,321.28
2024-12-21,1,Electronica,85,43464.85,511.35
2024-12-21,2,Informatica,47,10631.68,226.21
2024-12-21,3,Moviles,92,19214.1,208.85
2024-12-21,4,Ropa,60,17158.1,285.97
2024-12-21,5,Hogar,47,6081.16,129.39
2024-12-21,6,Deportes,82,47240.86,576.11
2024-12-21,7,Libros,70,22398.51,319.98
2024-12-21,8,Alimentacion,67,22824.28,340.66
2024-12-22,1,Electronica,15,6068.68,404.58
2024-12-22,2,Informatica,67,19338.0,288.63
2024-12-22,3,Moviles,37,9644.64,260.67
2024-12-22,4,Ropa,75,12095.93,161.28
2024-12-22,5,Hogar,35,10536.18,301.03
2024-12-22,6,Deportes,40,13014.19,325.35
2024-12-22,7,Libros,92,17388.08,189.0
2024-12-22,8,Alimentacion,42,17636.51,419.92
2024-12-23,1,Electronica,50,13185.65,263.71
2024-12-23,2,Informatica,27,5862.15,217.12
2024-12-23,3,Moviles,67,27504.66,410.52
2024-12-23,4,Ropa,87,19713.17,226.59
2024-12-23,5,Hogar,45,10987.76,244.17
2024-12-23,6,Deportes,12,6403.3,533.61
2024-12-23,7,Libros,60,12722.44,212.04
2024-12-23,8,Alimentacion,32,11747.69,367.12
2024-12-24,1,Electronica,32,14219.43,444.36
2024-12-24,2,Informatica,37,8579.21,231.87
2024-12-24,3,Moviles,27,13200.56,488.91
2024-12-24,4,Ropa,80,40311.46,503.89
2024-12-24,5,Hogar,80,41112.49,513.91
2024-12-24,6,Deportes,80,14266.36,178.33
2024-12-24,7,Libros,27,4352.1,161.19
2024-12-24,8,Alimentacion,40,13798.86,344.97
2024-12-25,1,Electronica,35,8583.18,245.23
2024-12-25,2,Informatica,80,22540.44,281.76
2024-12-25,3,Moviles,35,4615.62,131.87
2024-12-25,4,Ropa,42,6881.74,163.85
2024-12-25,5,Hogar,97,17501.24,180.43
2024-12-25,6,Deportes,92,30617.05,332.79
2024-12-25,7,Libros,27,2394.78,88.7
2024-12-25,8,Alimentacion,42,13063.65,311.04
2024-12-26,1,Electronica,27,9712.18,359.71
2024-12-26,2,Informatica,45,23490.27,522.01
2024-12-26,3,Moviles,60,24469.11,407.82
2024-12-26,4,Ropa,47,26721.4,568.54
2024-12-26,5,Hogar,40,16683.0,417.07
2024-12-26,6,Deportes,70,9396.68,134.24
2024-12-26,7,Libros,22,12981.59,590.07
2024-12-26,8,Alimentacion,37,16260.05,439.46
2024-12-27,1,Electronica,35,7394.92,211.28
2024-12-27,2,Informatica,27,3001.12,111.15
2024-12-27,3,Moviles,20,3653.28,182.66
2024-12-27,4,Ropa,45,5567.11,123.71
2024-12-27,5,Hogar,52,26698.34,513.43
2024-12-27,6,Deportes,52,17392.21,334.47
2024-12-27,7,Libros,52,4164.91,80.09
2024-12-27,8,Alimentacion,85,16664.39,196.05
2024-12-28,1,Electronica,50,24500.73,490.01
2024-12-28,2,Informatica,77,10727.79,139.32
2024-12-28,3,Moviles,47,24860.47,528.95
2024-12-28,4,Ropa,30,7536.85,251.23
2024-12-28,5,Hogar,27,8509.53,315.17
2024-12-28,6,Deportes,90,43719.51,485.77
2024-12-28,7,Libros,47,8868.27,188.69
2024-12-28,8,Alimentacion,17,4130.47,242.97
2024-12-29,1,Electronica,72,21175.93,294.11
2024-12-29,2,Informatica,97,27555.58,284.08
2024-12-29,3,Moviles,60,17839.05,297.32
2024-12-29,4,Ropa,92,43147.43,468.99
2024-12-29,5,Hogar,80,30730.84,384.14
2024-12-29,6,Deportes,95,48642.61,512.03
2024-12-29,7,Libros,87,19378.82,222.75
2024-12-29,8,Alimentacion,77,42422.91,550.95
2024-12-30,1,Electronica,77,14612.31,189.77
2024-12-30,2,Informatica,20,7420.97,371.05
2024-12-30,3,Moviles,85,48913.66,575.45
2024-12-30,4,Ropa,50,29876.7,597.53
2024-12-30,5,Hogar,92,48729.07,529.66
2024-12-30,6,Deportes,25,10904.92,436.2
2024-12-30,7,Libros,80,47095.14,588.69
2024-12-30,8,Alimentacion,12,2575.4,214.62
